source,storm_id,issued_at,synoptic_at,checked_at,basin_prefix,storm_number,season,name,classification,advisory,lat,lon,vmax_kt,max_tau_h,track_state,attribution
JTWC,ep1526,2026-10-07T15:00:00Z,2026-10-07T12:00:00Z,2026-10-07T19:46:15Z,ep,15,2026,NOLO,,,25.8,160.3,65,120,ok,"Joint Typhoon Warning Center (JTWC) — US military guidance, not a national warning"
JTWC,ep1526,2026-10-07T21:00:00Z,2026-10-07T18:00:00Z,2026-10-07T23:35:49Z,ep,15,2026,NOLO,,,26.2,157.7,60,120,ok,"Joint Typhoon Warning Center (JTWC) — US military guidance, not a national warning"
JTWC,ep1526,2026-10-08T21:00:00Z,2026-10-08T18:00:00Z,2026-10-08T23:50:44Z,ep,15,2026,NOLO,,,27.8,151.10000000000002,50,72,ok,"Joint Typhoon Warning Center (JTWC) — US military guidance, not a national warning"
JTWC,ep1526,2026-10-09T21:00:00Z,2026-10-09T18:00:00Z,2026-10-09T23:07:55Z,ep,15,2026,NOLO,,,30.0,147.2,50,48,ok,"Joint Typhoon Warning Center (JTWC) — US military guidance, not a national warning"
JTWC,ep1826,2026-10-07T16:00:00Z,2026-10-07T12:00:00Z,2026-10-07T20:42:52Z,ep,18,2026,RACHEL,,,20.7,-121.5,70,120,ok,"Joint Typhoon Warning Center (JTWC) — US military guidance, not a national warning"
JTWC,ep1826,2026-10-07T22:00:00Z,2026-10-07T18:00:00Z,2026-10-07T23:35:49Z,ep,18,2026,RACHEL,,,21.0,-122.0,70,120,ok,"Joint Typhoon Warning Center (JTWC) — US military guidance, not a national warning"
JTWC,ep1826,2026-10-08T22:00:00Z,2026-10-08T18:00:00Z,2026-10-08T23:50:44Z,ep,18,2026,RACHEL,,,22.3,-124.5,55,72,ok,"Joint Typhoon Warning Center (JTWC) — US military guidance, not a national warning"
JTWC,ep1826,2026-10-09T22:00:00Z,2026-10-09T18:00:00Z,2026-10-09T23:07:55Z,ep,18,2026,RACHEL,,,23.0,-124.5,40,48,ok,"Joint Typhoon Warning Center (JTWC) — US military guidance, not a national warning"
JTWC,ep2026,2026-10-07T16:00:00Z,2026-10-07T12:00:00Z,2026-10-07T20:42:52Z,ep,20,2026,TWENTY,,,13.9,-100.6,30,120,ok,"Joint Typhoon Warning Center (JTWC) — US military guidance, not a national warning"
JTWC,ep2026,2026-10-07T22:00:00Z,2026-10-07T18:00:00Z,2026-10-07T23:35:49Z,ep,20,2026,SIMON,,,15.3,-101.3,35,120,ok,"Joint Typhoon Warning Center (JTWC) — US military guidance, not a national warning"
JTWC,ep2026,2026-10-08T22:00:00Z,2026-10-08T18:00:00Z,2026-10-08T23:50:44Z,ep,20,2026,SIMON,,,15.6,-103.7,60,96,ok,"Joint Typhoon Warning Center (JTWC) — US military guidance, not a national warning"
JTWC,ep2026,2026-10-09T22:00:00Z,2026-10-09T18:00:00Z,2026-10-09T23:07:55Z,ep,20,2026,SIMON,,,16.0,-104.7,90,96,ok,"Joint Typhoon Warning Center (JTWC) — US military guidance, not a national warning"
JTWC,wp2626,2026-10-06T21:00:00Z,2026-10-06T18:00:00Z,2026-10-07T18:02:08Z,wp,26,2026,CHOI-WAN,,,36.3,149.5,75,24,ok,"Joint Typhoon Warning Center (JTWC) — US military guidance, not a national warning"
JTWC,wp2726,2026-10-07T15:00:00Z,2026-10-07T12:00:00Z,2026-10-07T18:02:08Z,wp,27,2026,KOGUMA,,,15.7,162.60000000000002,50,120,ok,"Joint Typhoon Warning Center (JTWC) — US military guidance, not a national warning"
JTWC,wp2726,2026-10-07T21:00:00Z,2026-10-07T18:00:00Z,2026-10-07T23:35:49Z,wp,27,2026,KOGUMA,,,16.1,161.60000000000002,55,120,ok,"Joint Typhoon Warning Center (JTWC) — US military guidance, not a national warning"
JTWC,wp2726,2026-10-08T21:00:00Z,2026-10-08T18:00:00Z,2026-10-08T23:50:44Z,wp,27,2026,KOGUMA,,,18.1,157.7,75,120,ok,"Joint Typhoon Warning Center (JTWC) — US military guidance, not a national warning"
JTWC,wp2726,2026-10-09T21:00:00Z,2026-10-09T18:00:00Z,2026-10-09T23:07:55Z,wp,27,2026,KOGUMA,,,20.7,153.0,100,120,ok,"Joint Typhoon Warning Center (JTWC) — US military guidance, not a national warning"
NHC,al092026,2026-10-07T21:00:00Z,2026-10-07T18:00:00Z,2026-10-07T23:35:47Z,al,9,2026,Isaias,TS,5,22.7,-92.9,55,96,ok,NOAA National Hurricane Center
NHC,al092026,2026-10-09T21:00:00Z,2026-10-09T18:00:00Z,2026-10-09T23:07:54Z,al,9,2026,Isaias,HU,13,29.2,-87.0,100,48,ok,NOAA National Hurricane Center
NHC,ep182026,2026-10-07T21:00:00Z,2026-10-07T18:00:00Z,2026-10-07T23:35:47Z,ep,18,2026,Rachel,HU,43,21.2,-122.3,70,120,ok,NOAA National Hurricane Center
NHC,ep182026,2026-10-09T21:00:00Z,2026-10-09T18:00:00Z,2026-10-09T23:07:54Z,ep,18,2026,Rachel,TS,51,23.3,-124.0,40,48,ok,NOAA National Hurricane Center
NHC,ep202026,2026-10-07T21:00:00Z,2026-10-07T18:00:00Z,2026-10-07T23:35:47Z,ep,20,2026,Simon,TS,2,15.5,-101.6,35,120,ok,NOAA National Hurricane Center
NHC,ep202026,2026-10-09T21:00:00Z,2026-10-09T18:00:00Z,2026-10-09T23:07:54Z,ep,20,2026,Simon,HU,10,16.2,-104.7,90,96,ok,NOAA National Hurricane Center
