layer_name,last_success,last_attempt,rows_fetched,status,keys_returned,keys_expected,observed_at,fetch_started_at,fetch_completed_at,stored_at
agrural,2026-10-07 21:24:18,2026-10-07 21:24:18,1,success,,,2026-10-07,2026-10-07 21:24:18,2026-10-07 21:24:18,2026-10-07 21:24:18
cec,2026-10-07 21:25:15,2026-10-07 21:25:15,46,success,,,2026-09-29,2026-10-07 21:24:36,2026-10-07 21:25:15,2026-10-07 21:25:15
cepea,2026-10-07 21:24:17,2026-10-07 21:24:17,20,success,,,2026-10-06,2026-10-07 21:24:16,2026-10-07 21:24:17,2026-10-07 21:24:17
comexstat,2026-10-07 21:21:53,2026-10-07 21:21:53,26529,success,3,3,2026-09-30,2026-10-07 21:21:48,2026-10-07 21:21:53,2026-10-07 21:21:53
conab,2026-10-07 21:23:54,2026-10-07 21:23:54,597,success,,,,,,
conab_precos,2026-10-07 21:23:56,2026-10-07 21:23:56,52,success,,,2026-10-02,2026-10-07 21:23:54,2026-10-07 21:23:55,2026-10-07 21:23:56
contract_bars,2026-10-07 21:23:04,2026-10-07 21:23:04,27878,success,9,9,2026-10-07,2026-10-07 21:22:38,2026-10-07 21:23:04,2026-10-07 21:23:04
cot,2026-10-06 22:56:04,2026-10-07 21:19:06,0,failed,0,10,,2026-10-07 21:18:52,2026-10-07 21:19:06,2026-10-07 21:19:06
crop_progress,2026-10-07 21:18:49,2026-10-07 21:18:49,2202,success,,,2026-10-04,2026-10-07 21:18:47,2026-10-07 21:18:49,2026-10-07 21:18:49
crush_inspections,2026-10-07 21:23:52,2026-10-07 21:23:52,438,success,,,,,,
currencies,2026-10-07 21:21:43,2026-10-07 21:21:43,39046,success,10,10,2026-10-07,2026-10-07 21:21:39,2026-10-07 21:21:43,2026-10-07 21:21:43
cyclones_jtwc,2026-10-07 21:21:35,2026-10-07 21:21:35,41,success,,,2026-10-07,2026-10-07 21:21:34,2026-10-07 21:21:35,2026-10-07 21:21:35
cyclones_nhc,2026-10-07 21:21:34,2026-10-07 21:21:34,30,success,,,2026-10-07,2026-10-07 21:21:33,2026-10-07 21:21:34,2026-10-07 21:21:34
dce,2026-10-07 21:22:09,2026-10-07 21:22:09,38035,success,8,8,2026-09-30,2026-10-07 21:21:55,2026-10-07 21:22:08,2026-10-07 21:22:09
ec_oilseeds,2026-10-07 21:21:48,2026-10-07 21:21:48,398,success,,,2026-09-30,2026-10-07 21:21:44,2026-10-07 21:21:48,2026-10-07 21:21:48
eia,2026-10-07 21:23:46,2026-10-07 21:23:46,785,success,3,3,2026-10-05,2026-10-07 21:23:12,2026-10-07 21:23:46,2026-10-07 21:23:46
epa_rfs,2026-10-07 21:23:51,2026-10-07 21:23:51,3902,success,3,3,2026-08-24,2026-10-07 21:23:46,2026-10-07 21:23:51,2026-10-07 21:23:51
export_sales,2026-10-07 21:22:14,2026-10-07 21:22:14,5240,success,6,6,2026-09-24,2026-10-07 21:22:09,2026-10-07 21:22:14,2026-10-07 21:22:14
forward_curve,2026-10-07 21:22:38,2026-10-07 21:22:38,51,success,9,9,2026-10-07,2026-10-07 21:22:14,2026-10-07 21:22:38,2026-10-07 21:22:38
fred,2026-10-07 21:18:52,2026-10-07 21:18:52,7438,success,9,9,2026-10-06,2026-10-07 21:18:49,2026-10-07 21:18:52,2026-10-07 21:18:52
gtr_ocean_freight,2026-10-07 21:21:53,2026-10-07 21:21:53,724,success,2,2,2026-09-01,2026-10-07 21:21:53,2026-10-07 21:21:53,2026-10-07 21:21:53
gtr_vessels,2026-10-07 21:21:54,2026-10-07 21:21:54,3115,success,2,2,2026-09-24,2026-10-07 21:21:53,2026-10-07 21:21:54,2026-10-07 21:21:54
gulf_bids,2026-10-07 21:24:19,2026-10-07 21:24:19,21,success,,,2026-10-07,2026-10-07 21:24:18,2026-10-07 21:24:19,2026-10-07 21:24:19
india_domestic,2026-10-07 21:24:16,2026-10-07 21:24:16,74,success,,,2026-10-07,2026-10-07 21:23:56,2026-10-07 21:24:16,2026-10-07 21:24:16
magyp_fob,2026-10-07 21:24:20,2026-10-07 21:24:20,19,success,,,2026-10-07,2026-10-07 21:24:19,2026-10-07 21:24:20,2026-10-07 21:24:20
prices,2026-10-07 21:18:46,2026-10-07 21:18:46,37542,success,10,10,2026-10-07,2026-10-07 21:18:42,2026-10-07 21:18:46,2026-10-07 21:18:46
psd,2026-10-07 21:21:39,2026-10-07 21:21:39,125099,success,10,10,,2026-10-07 21:21:35,2026-10-07 21:21:39,2026-10-07 21:21:39
river_ar,2026-10-07 21:21:33,2026-10-07 21:21:33,730,success,,,2026-10-06,2026-10-07 21:21:31,2026-10-07 21:21:33,2026-10-07 21:21:33
river_us,2026-10-07 21:21:31,2026-10-07 21:21:31,90,success,2,2,2026-10-06,2026-10-07 21:21:29,2026-10-07 21:21:31,2026-10-07 21:21:31
safex,2026-10-07 21:24:18,2026-10-07 21:24:18,2,success,,,2026-10-07,2026-10-07 21:24:17,2026-10-07 21:24:18,2026-10-07 21:24:18
sagis,2026-10-07 21:24:26,2026-10-07 21:24:26,898,success,,,2026-10-02,2026-10-07 21:24:20,2026-10-07 21:24:26,2026-10-07 21:24:26
sagis_smd,2026-10-07 21:24:36,2026-10-07 21:24:36,30,success,,,2026-08-31,2026-10-07 21:24:26,2026-10-07 21:24:36,2026-10-07 21:24:36
sea_india,2026-10-07 21:25:40,2026-10-07 21:25:40,103,success,,,2026-10-01,2026-10-07 21:25:15,2026-10-07 21:25:40,2026-10-07 21:25:40
sopa_crop,2026-10-07 21:25:42,2026-10-07 21:25:42,9,success,,,,2026-10-07 21:25:40,2026-10-07 21:25:42,2026-10-07 21:25:42
us_processor_cash,2026-10-07 21:21:55,2026-10-07 21:21:55,3377,success,,,2026-10-02,2026-10-07 21:21:54,2026-10-07 21:21:55,2026-10-07 21:21:55
usda,2026-10-07 21:18:47,2026-10-07 21:18:47,109,success,,,,2026-10-07 21:18:46,2026-10-07 21:18:47,2026-10-07 21:18:47
wasde,2026-10-07 21:23:12,2026-10-07 21:23:12,3236,success,,,,2026-10-07 21:23:04,2026-10-07 21:23:11,2026-10-07 21:23:12
weather,2026-10-07 21:21:29,2026-10-07 21:21:29,851,usable_partial,23,24,2026-10-07,2026-10-07 21:19:06,2026-10-07 21:21:29,2026-10-07 21:21:29
worldbank,2026-10-07 21:21:44,2026-10-07 21:21:44,3791,success,,,2026-09-01,2026-10-07 21:21:43,2026-10-07 21:21:44,2026-10-07 21:21:44
