Date,commodity,Open,High,Low,Close,Volume,unit
2026-08-11,Soybean (Mandi MH),,,,67000.0,62.0,INR/MT
2026-08-11,Soybean (Mandi MP),,,,67250.0,115.0,INR/MT
2026-08-18,Soybean (Mandi MH),,,,63300.0,24.0,INR/MT
2026-08-18,Soybean (Mandi MP),,,,63760.0,97.0,INR/MT
2026-08-19,Soybean (Mandi MH),,,,63740.0,58.0,INR/MT
2026-08-20,Soybean (Mandi MH),,,,63500.0,61.0,INR/MT
2026-08-21,Soybean (Mandi MH),,,,62500.0,51.0,INR/MT
2026-08-22,Soybean (Mandi MH),,,,62000.0,1.0,INR/MT
2026-08-23,Soybean (Mandi MH),,,,59950.0,4.0,INR/MT
2026-08-24,Soybean (Mandi MH),,,,59000.0,55.0,INR/MT
2026-08-24,Soybean (Mandi MP),,,,58925.0,106.0,INR/MT
2026-08-25,Soybean (Mandi MH),,,,57000.0,68.0,INR/MT
2026-08-26,Soybean (Mandi MH),,,,56955.0,8.0,INR/MT
2026-08-31,Soybean (Mandi MH),,,,59335.0,48.0,INR/MT
2026-09-01,Soybean (Mandi MH),,,,58000.0,79.0,INR/MT
2026-09-01,Soybean (Mandi MP),,,,57910.0,103.0,INR/MT
2026-09-02,Soybean (Mandi MH),,,,58500.0,63.0,INR/MT
2026-09-02,Soybean (Mandi MP),,,,57525.0,102.0,INR/MT
2026-09-03,Soybean (Mandi MH),,,,57000.0,53.0,INR/MT
2026-09-03,Soybean (Mandi MP),,,,56110.0,100.0,INR/MT
2026-09-04,Soybean (Mandi MH),,,,56000.0,67.0,INR/MT
2026-09-04,Soybean (Mandi MP),,,,62500.0,5.0,INR/MT
2026-09-05,Soybean (Mandi MH),,,,56815.0,34.0,INR/MT
2026-09-05,Soybean (Mandi MP),,,,56810.0,72.0,INR/MT
2026-09-06,Soybean (Mandi MH),,,,58500.0,5.0,INR/MT
2026-09-06,Soybean (Mandi MP),,,,54075.0,6.0,INR/MT
2026-09-07,Soybean (Mandi MH),,,,57000.0,69.0,INR/MT
2026-09-07,Soybean (Mandi MP),,,,56825.0,108.0,INR/MT
2026-09-08,Soybean (Mandi MH),,,,57345.0,64.0,INR/MT
2026-09-08,Soybean (Mandi MP),,,,57170.0,111.0,INR/MT
2026-09-09,Soybean (Mandi MH),,,,58000.0,65.0,INR/MT
2026-09-09,Soybean (Mandi MP),,,,57950.0,112.0,INR/MT
2026-09-10,Soybean (Mandi MH),,,,57510.0,7.0,INR/MT
2026-09-10,Soybean (Mandi MP),,,,57780.0,106.0,INR/MT
2026-09-11,Soybean (Mandi MH),,,,57250.0,37.0,INR/MT
2026-09-11,Soybean (Mandi MP),,,,56025.0,58.0,INR/MT
2026-09-12,Soybean (Mandi MH),,,,56000.0,43.0,INR/MT
2026-09-12,Soybean (Mandi MP),,,,57200.0,13.0,INR/MT
2026-09-13,Soybean (Mandi MH),,,,56415.0,4.0,INR/MT
2026-09-13,Soybean (Mandi MP),,,,51000.0,3.0,INR/MT
2026-09-14,Soybean (Mandi MH),,,,55500.0,8.0,INR/MT
2026-09-14,Soybean (Mandi MP),,,,59200.0,7.0,INR/MT
2026-09-15,Soybean (Mandi MH),,,,56500.0,57.0,INR/MT
2026-09-15,Soybean (Mandi MP),,,,57000.0,82.0,INR/MT
2026-09-16,Soybean (Mandi MH),,,,57080.0,68.0,INR/MT
2026-09-16,Soybean (Mandi MP),,,,57210.0,113.0,INR/MT
2026-09-17,Soybean (Mandi MH),,,,56800.0,45.0,INR/MT
2026-09-17,Soybean (Mandi MP),,,,57505.0,96.0,INR/MT
2026-09-18,Soybean (Mandi MH),,,,56250.0,18.0,INR/MT
2026-09-18,Soybean (Mandi MP),,,,56700.0,123.0,INR/MT
2026-09-19,Soybean (Mandi MH),,,,56000.0,45.0,INR/MT
2026-09-19,Soybean (Mandi MP),,,,56800.0,89.0,INR/MT
2026-09-20,Soybean (Mandi MH),,,,55060.0,6.0,INR/MT
2026-09-20,Soybean (Mandi MP),,,,56050.0,9.0,INR/MT
2026-09-21,Soybean (Mandi MH),,,,55500.0,71.0,INR/MT
2026-09-21,Soybean (Mandi MP),,,,54550.0,114.0,INR/MT
2026-09-22,Soybean (Mandi MH),,,,55400.0,75.0,INR/MT
2026-09-22,Soybean (Mandi MP),,,,54030.0,114.0,INR/MT
2026-09-23,Soybean (Mandi MH),,,,55000.0,71.0,INR/MT
2026-09-23,Soybean (Mandi MP),,,,53000.0,129.0,INR/MT
2026-09-24,Soybean (Mandi MH),,,,55000.0,69.0,INR/MT
2026-09-24,Soybean (Mandi MP),,,,52005.0,144.0,INR/MT
2026-09-25,Soybean (Mandi MH),,,,55000.0,28.0,INR/MT
2026-09-25,Soybean (Mandi MP),,,,51000.0,79.0,INR/MT
2026-09-26,Soybean (Mandi MH),,,,55000.0,54.0,INR/MT
2026-09-26,Soybean (Mandi MP),,,,51000.0,48.0,INR/MT
2026-09-27,Soybean (Mandi MH),,,,56750.0,6.0,INR/MT
2026-09-27,Soybean (Mandi MP),,,,51250.0,39.0,INR/MT
2026-09-28,Soybean (Mandi MH),,,,56000.0,77.0,INR/MT
2026-09-28,Soybean (Mandi MP),,,,52200.0,149.0,INR/MT
2026-09-29,Soybean (Mandi MH),,,,55700.0,93.0,INR/MT
2026-09-29,Soybean (Mandi MP),,,,53000.0,167.0,INR/MT
2026-09-30,Soybean (Mandi MH),,,,56000.0,97.0,INR/MT
2026-09-30,Soybean (Mandi MP),,,,53930.0,187.0,INR/MT
2026-10-01,Soybean (Mandi MH),,,,58000.0,83.0,INR/MT
2026-10-01,Soybean (Mandi MP),,,,56000.0,179.0,INR/MT
2026-10-02,Soybean (Mandi MH),,,,57950.0,20.0,INR/MT
2026-10-02,Soybean (Mandi MP),,,,54000.0,61.0,INR/MT
2026-10-03,Soybean (Mandi MH),,,,57745.0,84.0,INR/MT
2026-10-03,Soybean (Mandi MP),,,,55900.0,191.0,INR/MT
2026-10-04,Soybean (Mandi MH),,,,57000.0,11.0,INR/MT
2026-10-04,Soybean (Mandi MP),,,,55000.0,57.0,INR/MT
