week_ending,region,country,commodity,inspections_mt
2026-07-30,ATLANTIC,JAMAICA,Corn White,0.0
2026-07-30,ATLANTIC,JAMAICA,Corn Yellow,2886.0
2026-07-30,ATLANTIC,JAMAICA,Sorghum,0.0
2026-07-30,ATLANTIC,JAMAICA,Soybeans,0.0
2026-07-30,ATLANTIC,JAMAICA,Wheat,0.0
2026-07-30,ATLANTIC,MALAYSIA,Corn White,0.0
2026-07-30,ATLANTIC,MALAYSIA,Corn Yellow,0.0
2026-07-30,ATLANTIC,MALAYSIA,Sorghum,0.0
2026-07-30,ATLANTIC,MALAYSIA,Soybeans,0.0
2026-07-30,ATLANTIC,MALAYSIA,Wheat,2326.0
2026-07-30,ATLANTIC,SPAIN,Corn White,0.0
2026-07-30,ATLANTIC,SPAIN,Corn Yellow,52208.0
2026-07-30,ATLANTIC,SPAIN,Sorghum,0.0
2026-07-30,ATLANTIC,SPAIN,Soybeans,0.0
2026-07-30,ATLANTIC,SPAIN,Wheat,0.0
2026-07-30,ATLANTIC,SUBTOTAL,Corn White,0.0
2026-07-30,ATLANTIC,SUBTOTAL,Corn Yellow,55094.0
2026-07-30,ATLANTIC,SUBTOTAL,Sorghum,0.0
2026-07-30,ATLANTIC,SUBTOTAL,Soybeans,0.0
2026-07-30,ATLANTIC,SUBTOTAL,Wheat,2326.0
2026-07-30,GULF,BARBADOS,Corn White,0.0
2026-07-30,GULF,BARBADOS,Corn Yellow,6293.0
2026-07-30,GULF,BARBADOS,Sorghum,0.0
2026-07-30,GULF,BARBADOS,Soybeans,3001.0
2026-07-30,GULF,BARBADOS,Wheat,4951.0
2026-07-30,GULF,CHINA,Corn White,0.0
2026-07-30,GULF,CHINA,Corn Yellow,0.0
2026-07-30,GULF,CHINA,Sorghum,60791.0
2026-07-30,GULF,CHINA,Soybeans,0.0
2026-07-30,GULF,CHINA,Wheat,0.0
2026-07-30,GULF,COLOMBIA,Corn White,0.0
2026-07-30,GULF,COLOMBIA,Corn Yellow,271599.0
2026-07-30,GULF,COLOMBIA,Sorghum,0.0
2026-07-30,GULF,COLOMBIA,Soybeans,7411.0
2026-07-30,GULF,COLOMBIA,Wheat,0.0
2026-07-30,GULF,COSTA RICA,Corn White,0.0
2026-07-30,GULF,COSTA RICA,Corn Yellow,51423.0
2026-07-30,GULF,COSTA RICA,Sorghum,0.0
2026-07-30,GULF,COSTA RICA,Soybeans,12437.0
2026-07-30,GULF,COSTA RICA,Wheat,0.0
2026-07-30,GULF,DOMINICN REP,Corn White,0.0
2026-07-30,GULF,DOMINICN REP,Corn Yellow,0.0
2026-07-30,GULF,DOMINICN REP,Sorghum,0.0
2026-07-30,GULF,DOMINICN REP,Soybeans,0.0
2026-07-30,GULF,DOMINICN REP,Wheat,7128.0
2026-07-30,GULF,EGYPT,Corn White,0.0
2026-07-30,GULF,EGYPT,Corn Yellow,0.0
2026-07-30,GULF,EGYPT,Sorghum,0.0
2026-07-30,GULF,EGYPT,Soybeans,56944.0
2026-07-30,GULF,EGYPT,Wheat,0.0
2026-07-30,GULF,ERITREA,Corn White,0.0
2026-07-30,GULF,ERITREA,Corn Yellow,0.0
2026-07-30,GULF,ERITREA,Sorghum,33002.0
2026-07-30,GULF,ERITREA,Soybeans,0.0
2026-07-30,GULF,ERITREA,Wheat,0.0
2026-07-30,GULF,GERMANY,Corn White,0.0
2026-07-30,GULF,GERMANY,Corn Yellow,0.0
2026-07-30,GULF,GERMANY,Sorghum,0.0
2026-07-30,GULF,GERMANY,Soybeans,58129.0
2026-07-30,GULF,GERMANY,Wheat,0.0
2026-07-30,GULF,GUATEMALA,Corn White,0.0
2026-07-30,GULF,GUATEMALA,Corn Yellow,34713.0
2026-07-30,GULF,GUATEMALA,Sorghum,0.0
2026-07-30,GULF,GUATEMALA,Soybeans,0.0
2026-07-30,GULF,GUATEMALA,Wheat,0.0
2026-07-30,GULF,HAITI,Corn White,0.0
2026-07-30,GULF,HAITI,Corn Yellow,0.0
2026-07-30,GULF,HAITI,Sorghum,0.0
2026-07-30,GULF,HAITI,Soybeans,0.0
2026-07-30,GULF,HAITI,Wheat,11942.0
2026-07-30,GULF,INDONESIA,Corn White,0.0
2026-07-30,GULF,INDONESIA,Corn Yellow,0.0
2026-07-30,GULF,INDONESIA,Sorghum,0.0
2026-07-30,GULF,INDONESIA,Soybeans,57696.0
2026-07-30,GULF,INDONESIA,Wheat,0.0
2026-07-30,GULF,MEXICO,Corn White,0.0
2026-07-30,GULF,MEXICO,Corn Yellow,231342.0
2026-07-30,GULF,MEXICO,Sorghum,0.0
2026-07-30,GULF,MEXICO,Soybeans,0.0
2026-07-30,GULF,MEXICO,Wheat,0.0
2026-07-30,GULF,NICARAGUA,Corn White,0.0
2026-07-30,GULF,NICARAGUA,Corn Yellow,61030.0
2026-07-30,GULF,NICARAGUA,Sorghum,0.0
2026-07-30,GULF,NICARAGUA,Soybeans,0.0
2026-07-30,GULF,NICARAGUA,Wheat,0.0
2026-07-30,GULF,PANAMA,Corn White,0.0
2026-07-30,GULF,PANAMA,Corn Yellow,41113.0
2026-07-30,GULF,PANAMA,Sorghum,0.0
2026-07-30,GULF,PANAMA,Soybeans,0.0
2026-07-30,GULF,PANAMA,Wheat,0.0
2026-07-30,GULF,PORTUGAL,Corn White,0.0
2026-07-30,GULF,PORTUGAL,Corn Yellow,53885.0
2026-07-30,GULF,PORTUGAL,Sorghum,0.0
2026-07-30,GULF,PORTUGAL,Soybeans,0.0
2026-07-30,GULF,PORTUGAL,Wheat,0.0
2026-07-30,GULF,SPAIN,Corn White,0.0
2026-07-30,GULF,SPAIN,Corn Yellow,61428.0
2026-07-30,GULF,SPAIN,Sorghum,0.0
2026-07-30,GULF,SPAIN,Soybeans,0.0
2026-07-30,GULF,SPAIN,Wheat,0.0
2026-07-30,GULF,SUBTOTAL,Corn White,0.0
2026-07-30,GULF,SUBTOTAL,Corn Yellow,885497.0
2026-07-30,GULF,SUBTOTAL,Sorghum,93793.0
2026-07-30,GULF,SUBTOTAL,Soybeans,195618.0
2026-07-30,GULF,SUBTOTAL,Wheat,28521.0
2026-07-30,GULF,SURINAME,Corn White,0.0
2026-07-30,GULF,SURINAME,Corn Yellow,0.0
2026-07-30,GULF,SURINAME,Sorghum,0.0
2026-07-30,GULF,SURINAME,Soybeans,0.0
2026-07-30,GULF,SURINAME,Wheat,4500.0
2026-07-30,GULF,UN KINGDOM,Corn White,0.0
2026-07-30,GULF,UN KINGDOM,Corn Yellow,20471.0
2026-07-30,GULF,UN KINGDOM,Sorghum,0.0
2026-07-30,GULF,UN KINGDOM,Soybeans,0.0
2026-07-30,GULF,UN KINGDOM,Wheat,0.0
2026-07-30,GULF,VENEZUELA,Corn White,0.0
2026-07-30,GULF,VENEZUELA,Corn Yellow,52200.0
2026-07-30,GULF,VENEZUELA,Sorghum,0.0
2026-07-30,GULF,VENEZUELA,Soybeans,0.0
2026-07-30,GULF,VENEZUELA,Wheat,0.0
2026-07-30,INTERIOR,CHINA,Corn White,0.0
2026-07-30,INTERIOR,CHINA,Corn Yellow,0.0
2026-07-30,INTERIOR,CHINA,Sorghum,98.0
2026-07-30,INTERIOR,CHINA,Soybeans,0.0
2026-07-30,INTERIOR,CHINA,Wheat,0.0
2026-07-30,INTERIOR,HONG KONG,Corn White,0.0
2026-07-30,INTERIOR,HONG KONG,Corn Yellow,220.0
2026-07-30,INTERIOR,HONG KONG,Sorghum,0.0
2026-07-30,INTERIOR,HONG KONG,Soybeans,0.0
2026-07-30,INTERIOR,HONG KONG,Wheat,0.0
2026-07-30,INTERIOR,INDONESIA,Corn White,0.0
2026-07-30,INTERIOR,INDONESIA,Corn Yellow,0.0
2026-07-30,INTERIOR,INDONESIA,Sorghum,0.0
2026-07-30,INTERIOR,INDONESIA,Soybeans,21009.0
2026-07-30,INTERIOR,INDONESIA,Wheat,0.0
2026-07-30,INTERIOR,JAPAN,Corn White,0.0
2026-07-30,INTERIOR,JAPAN,Corn Yellow,490.0
2026-07-30,INTERIOR,JAPAN,Sorghum,636.0
2026-07-30,INTERIOR,JAPAN,Soybeans,342.0
2026-07-30,INTERIOR,JAPAN,Wheat,0.0
2026-07-30,INTERIOR,JORDAN,Corn White,24.0
2026-07-30,INTERIOR,JORDAN,Corn Yellow,24.0
2026-07-30,INTERIOR,JORDAN,Sorghum,0.0
2026-07-30,INTERIOR,JORDAN,Soybeans,0.0
2026-07-30,INTERIOR,JORDAN,Wheat,0.0
2026-07-30,INTERIOR,KOREA REP,Corn White,98.0
2026-07-30,INTERIOR,KOREA REP,Corn Yellow,5607.0
2026-07-30,INTERIOR,KOREA REP,Sorghum,0.0
2026-07-30,INTERIOR,KOREA REP,Soybeans,441.0
2026-07-30,INTERIOR,KOREA REP,Wheat,0.0
2026-07-30,INTERIOR,MALAYSIA,Corn White,0.0
2026-07-30,INTERIOR,MALAYSIA,Corn Yellow,3182.0
2026-07-30,INTERIOR,MALAYSIA,Sorghum,0.0
2026-07-30,INTERIOR,MALAYSIA,Soybeans,6512.0
2026-07-30,INTERIOR,MALAYSIA,Wheat,0.0
2026-07-30,INTERIOR,MEXICO,Corn White,0.0
2026-07-30,INTERIOR,MEXICO,Corn Yellow,259655.0
2026-07-30,INTERIOR,MEXICO,Sorghum,0.0
2026-07-30,INTERIOR,MEXICO,Soybeans,74245.0
2026-07-30,INTERIOR,MEXICO,Wheat,43810.0
2026-07-30,INTERIOR,NEPAL,Corn White,0.0
2026-07-30,INTERIOR,NEPAL,Corn Yellow,0.0
2026-07-30,INTERIOR,NEPAL,Sorghum,0.0
2026-07-30,INTERIOR,NEPAL,Soybeans,588.0
2026-07-30,INTERIOR,NEPAL,Wheat,0.0
2026-07-30,INTERIOR,PERU,Corn White,0.0
2026-07-30,INTERIOR,PERU,Corn Yellow,0.0
2026-07-30,INTERIOR,PERU,Sorghum,0.0
2026-07-30,INTERIOR,PERU,Soybeans,367.0
2026-07-30,INTERIOR,PERU,Wheat,0.0
2026-07-30,INTERIOR,PHILIPPINES,Corn White,245.0
2026-07-30,INTERIOR,PHILIPPINES,Corn Yellow,147.0
2026-07-30,INTERIOR,PHILIPPINES,Sorghum,0.0
2026-07-30,INTERIOR,PHILIPPINES,Soybeans,3941.0
2026-07-30,INTERIOR,PHILIPPINES,Wheat,0.0
2026-07-30,INTERIOR,SUBTOTAL,Corn White,367.0
2026-07-30,INTERIOR,SUBTOTAL,Corn Yellow,284892.0
2026-07-30,INTERIOR,SUBTOTAL,Sorghum,734.0
2026-07-30,INTERIOR,SUBTOTAL,Soybeans,136458.0
2026-07-30,INTERIOR,SUBTOTAL,Wheat,47874.0
2026-07-30,INTERIOR,TAIWAN,Corn White,0.0
2026-07-30,INTERIOR,TAIWAN,Corn Yellow,14172.0
2026-07-30,INTERIOR,TAIWAN,Sorghum,0.0
2026-07-30,INTERIOR,TAIWAN,Soybeans,16628.0
2026-07-30,INTERIOR,TAIWAN,Wheat,2253.0
2026-07-30,INTERIOR,THAILAND,Corn White,0.0
2026-07-30,INTERIOR,THAILAND,Corn Yellow,0.0
2026-07-30,INTERIOR,THAILAND,Sorghum,0.0
2026-07-30,INTERIOR,THAILAND,Soybeans,2742.0
2026-07-30,INTERIOR,THAILAND,Wheat,1077.0
2026-07-30,INTERIOR,VIETNAM,Corn White,0.0
2026-07-30,INTERIOR,VIETNAM,Corn Yellow,1395.0
2026-07-30,INTERIOR,VIETNAM,Sorghum,0.0
2026-07-30,INTERIOR,VIETNAM,Soybeans,9643.0
2026-07-30,INTERIOR,VIETNAM,Wheat,734.0
2026-07-30,LAKES,SUBTOTAL,Corn White,0.0
2026-07-30,LAKES,SUBTOTAL,Corn Yellow,9426.0
2026-07-30,LAKES,SUBTOTAL,Sorghum,0.0
2026-07-30,LAKES,SUBTOTAL,Soybeans,0.0
2026-07-30,LAKES,SUBTOTAL,Wheat,0.0
2026-07-30,LAKES,UN KINGDOM,Corn White,0.0
2026-07-30,LAKES,UN KINGDOM,Corn Yellow,9426.0
2026-07-30,LAKES,UN KINGDOM,Sorghum,0.0
2026-07-30,LAKES,UN KINGDOM,Soybeans,0.0
2026-07-30,LAKES,UN KINGDOM,Wheat,0.0
2026-07-30,PACIFIC,JAPAN,Corn White,0.0
2026-07-30,PACIFIC,JAPAN,Corn Yellow,230709.0
2026-07-30,PACIFIC,JAPAN,Sorghum,9001.0
2026-07-30,PACIFIC,JAPAN,Soybeans,0.0
2026-07-30,PACIFIC,JAPAN,Wheat,0.0
2026-07-30,PACIFIC,KOREA REP,Corn White,0.0
2026-07-30,PACIFIC,KOREA REP,Corn Yellow,345949.0
2026-07-30,PACIFIC,KOREA REP,Sorghum,0.0
2026-07-30,PACIFIC,KOREA REP,Soybeans,0.0
2026-07-30,PACIFIC,KOREA REP,Wheat,90198.0
2026-07-30,PACIFIC,PHILIPPINES,Corn White,0.0
2026-07-30,PACIFIC,PHILIPPINES,Corn Yellow,0.0
2026-07-30,PACIFIC,PHILIPPINES,Sorghum,0.0
2026-07-30,PACIFIC,PHILIPPINES,Soybeans,0.0
2026-07-30,PACIFIC,PHILIPPINES,Wheat,57815.0
2026-07-30,PACIFIC,SUBTOTAL,Corn White,0.0
2026-07-30,PACIFIC,SUBTOTAL,Corn Yellow,649404.0
2026-07-30,PACIFIC,SUBTOTAL,Sorghum,9001.0
2026-07-30,PACIFIC,SUBTOTAL,Soybeans,0.0
2026-07-30,PACIFIC,SUBTOTAL,Wheat,256592.0
2026-07-30,PACIFIC,TAIWAN,Corn White,0.0
2026-07-30,PACIFIC,TAIWAN,Corn Yellow,72746.0
2026-07-30,PACIFIC,TAIWAN,Sorghum,0.0
2026-07-30,PACIFIC,TAIWAN,Soybeans,0.0
2026-07-30,PACIFIC,TAIWAN,Wheat,41490.0
2026-07-30,PACIFIC,THAILAND,Corn White,0.0
2026-07-30,PACIFIC,THAILAND,Corn Yellow,0.0
2026-07-30,PACIFIC,THAILAND,Sorghum,0.0
2026-07-30,PACIFIC,THAILAND,Soybeans,0.0
2026-07-30,PACIFIC,THAILAND,Wheat,67089.0
