week_ending,region,port_area,commodity,inspections_mt
2026-07-23,ATLANTIC,S. ATLANTIC,Corn White,0.0
2026-07-23,ATLANTIC,S. ATLANTIC,Corn Yellow,13200.0
2026-07-23,ATLANTIC,S. ATLANTIC,Flaxseed,0.0
2026-07-23,ATLANTIC,S. ATLANTIC,Rye,0.0
2026-07-23,ATLANTIC,S. ATLANTIC,Sorghum,0.0
2026-07-23,ATLANTIC,S. ATLANTIC,Soybeans,8919.0
2026-07-23,ATLANTIC,S. ATLANTIC,Wheat,0.0
2026-07-23,ATLANTIC,SUBTOTAL,Corn White,0.0
2026-07-23,ATLANTIC,SUBTOTAL,Corn Yellow,13200.0
2026-07-23,ATLANTIC,SUBTOTAL,Flaxseed,0.0
2026-07-23,ATLANTIC,SUBTOTAL,Rye,0.0
2026-07-23,ATLANTIC,SUBTOTAL,Sorghum,0.0
2026-07-23,ATLANTIC,SUBTOTAL,Soybeans,8919.0
2026-07-23,ATLANTIC,SUBTOTAL,Wheat,0.0
2026-07-23,GULF,MISSISSIPPI R.,Corn White,23237.0
2026-07-23,GULF,MISSISSIPPI R.,Corn Yellow,668261.0
2026-07-23,GULF,MISSISSIPPI R.,Flaxseed,0.0
2026-07-23,GULF,MISSISSIPPI R.,Rye,0.0
2026-07-23,GULF,MISSISSIPPI R.,Sorghum,0.0
2026-07-23,GULF,MISSISSIPPI R.,Soybeans,219159.0
2026-07-23,GULF,MISSISSIPPI R.,Wheat,107727.0
2026-07-23,GULF,N. TEXAS,Corn White,0.0
2026-07-23,GULF,N. TEXAS,Corn Yellow,6727.0
2026-07-23,GULF,N. TEXAS,Flaxseed,0.0
2026-07-23,GULF,N. TEXAS,Rye,0.0
2026-07-23,GULF,N. TEXAS,Sorghum,38279.0
2026-07-23,GULF,N. TEXAS,Soybeans,0.0
2026-07-23,GULF,N. TEXAS,Wheat,79055.0
2026-07-23,GULF,SUBTOTAL,Corn White,23237.0
2026-07-23,GULF,SUBTOTAL,Corn Yellow,674988.0
2026-07-23,GULF,SUBTOTAL,Flaxseed,0.0
2026-07-23,GULF,SUBTOTAL,Rye,0.0
2026-07-23,GULF,SUBTOTAL,Sorghum,38279.0
2026-07-23,GULF,SUBTOTAL,Soybeans,219159.0
2026-07-23,GULF,SUBTOTAL,Wheat,186782.0
2026-07-23,INTERIOR,INTERIOR,Corn White,0.0
2026-07-23,INTERIOR,INTERIOR,Corn Yellow,296105.0
2026-07-23,INTERIOR,INTERIOR,Flaxseed,48.0
2026-07-23,INTERIOR,INTERIOR,Rye,0.0
2026-07-23,INTERIOR,INTERIOR,Sorghum,1175.0
2026-07-23,INTERIOR,INTERIOR,Soybeans,120772.0
2026-07-23,INTERIOR,INTERIOR,Wheat,45126.0
2026-07-23,INTERIOR,SUBTOTAL,Corn White,0.0
2026-07-23,INTERIOR,SUBTOTAL,Corn Yellow,296105.0
2026-07-23,INTERIOR,SUBTOTAL,Flaxseed,48.0
2026-07-23,INTERIOR,SUBTOTAL,Rye,0.0
2026-07-23,INTERIOR,SUBTOTAL,Sorghum,1175.0
2026-07-23,INTERIOR,SUBTOTAL,Soybeans,120772.0
2026-07-23,INTERIOR,SUBTOTAL,Wheat,45126.0
2026-07-23,LAKES,SUBTOTAL,Corn White,0.0
2026-07-23,LAKES,SUBTOTAL,Corn Yellow,23832.0
2026-07-23,LAKES,SUBTOTAL,Flaxseed,0.0
2026-07-23,LAKES,SUBTOTAL,Rye,0.0
2026-07-23,LAKES,SUBTOTAL,Sorghum,0.0
2026-07-23,LAKES,SUBTOTAL,Soybeans,0.0
2026-07-23,LAKES,SUBTOTAL,Wheat,0.0
2026-07-23,LAKES,TOLEDO,Corn White,0.0
2026-07-23,LAKES,TOLEDO,Corn Yellow,23832.0
2026-07-23,LAKES,TOLEDO,Flaxseed,0.0
2026-07-23,LAKES,TOLEDO,Rye,0.0
2026-07-23,LAKES,TOLEDO,Sorghum,0.0
2026-07-23,LAKES,TOLEDO,Soybeans,0.0
2026-07-23,LAKES,TOLEDO,Wheat,0.0
2026-07-23,PACIFIC,COLUMBIA R.,Corn White,0.0
2026-07-23,PACIFIC,COLUMBIA R.,Corn Yellow,332830.0
2026-07-23,PACIFIC,COLUMBIA R.,Flaxseed,0.0
2026-07-23,PACIFIC,COLUMBIA R.,Rye,0.0
2026-07-23,PACIFIC,COLUMBIA R.,Sorghum,0.0
2026-07-23,PACIFIC,COLUMBIA R.,Soybeans,0.0
2026-07-23,PACIFIC,COLUMBIA R.,Wheat,162877.0
2026-07-23,PACIFIC,PUGET SOUND,Corn White,0.0
2026-07-23,PACIFIC,PUGET SOUND,Corn Yellow,123836.0
2026-07-23,PACIFIC,PUGET SOUND,Flaxseed,0.0
2026-07-23,PACIFIC,PUGET SOUND,Rye,0.0
2026-07-23,PACIFIC,PUGET SOUND,Sorghum,10687.0
2026-07-23,PACIFIC,PUGET SOUND,Soybeans,0.0
2026-07-23,PACIFIC,PUGET SOUND,Wheat,0.0
2026-07-23,PACIFIC,SUBTOTAL,Corn White,0.0
2026-07-23,PACIFIC,SUBTOTAL,Corn Yellow,456666.0
2026-07-23,PACIFIC,SUBTOTAL,Flaxseed,0.0
2026-07-23,PACIFIC,SUBTOTAL,Rye,0.0
2026-07-23,PACIFIC,SUBTOTAL,Sorghum,10687.0
2026-07-23,PACIFIC,SUBTOTAL,Soybeans,0.0
2026-07-23,PACIFIC,SUBTOTAL,Wheat,162877.0
2026-08-06,ATLANTIC,S. ATLANTIC,Canola,0.0
2026-08-06,ATLANTIC,S. ATLANTIC,Corn White,0.0
2026-08-06,ATLANTIC,S. ATLANTIC,Corn Yellow,71283.0
2026-08-06,ATLANTIC,S. ATLANTIC,Sorghum,0.0
2026-08-06,ATLANTIC,S. ATLANTIC,Soybeans,0.0
2026-08-06,ATLANTIC,S. ATLANTIC,Wheat,1053.0
2026-08-06,ATLANTIC,SUBTOTAL,Canola,0.0
2026-08-06,ATLANTIC,SUBTOTAL,Corn White,0.0
2026-08-06,ATLANTIC,SUBTOTAL,Corn Yellow,71283.0
2026-08-06,ATLANTIC,SUBTOTAL,Sorghum,0.0
2026-08-06,ATLANTIC,SUBTOTAL,Soybeans,0.0
2026-08-06,ATLANTIC,SUBTOTAL,Wheat,1053.0
2026-08-06,GULF,MISSISSIPPI R.,Canola,30128.0
2026-08-06,GULF,MISSISSIPPI R.,Corn White,26977.0
2026-08-06,GULF,MISSISSIPPI R.,Corn Yellow,898371.0
2026-08-06,GULF,MISSISSIPPI R.,Sorghum,0.0
2026-08-06,GULF,MISSISSIPPI R.,Soybeans,260822.0
2026-08-06,GULF,MISSISSIPPI R.,Wheat,37640.0
2026-08-06,GULF,N. TEXAS,Canola,0.0
2026-08-06,GULF,N. TEXAS,Corn White,0.0
2026-08-06,GULF,N. TEXAS,Corn Yellow,36543.0
2026-08-06,GULF,N. TEXAS,Sorghum,0.0
2026-08-06,GULF,N. TEXAS,Soybeans,0.0
2026-08-06,GULF,N. TEXAS,Wheat,36000.0
2026-08-06,GULF,S. TEXAS,Canola,0.0
2026-08-06,GULF,S. TEXAS,Corn White,0.0
2026-08-06,GULF,S. TEXAS,Corn Yellow,0.0
2026-08-06,GULF,S. TEXAS,Sorghum,55593.0
2026-08-06,GULF,S. TEXAS,Soybeans,0.0
2026-08-06,GULF,S. TEXAS,Wheat,0.0
2026-08-06,GULF,SUBTOTAL,Canola,30128.0
2026-08-06,GULF,SUBTOTAL,Corn White,26977.0
2026-08-06,GULF,SUBTOTAL,Corn Yellow,934914.0
2026-08-06,GULF,SUBTOTAL,Sorghum,55593.0
2026-08-06,GULF,SUBTOTAL,Soybeans,260822.0
2026-08-06,GULF,SUBTOTAL,Wheat,73640.0
2026-08-06,INTERIOR,INTERIOR,Canola,11476.0
2026-08-06,INTERIOR,INTERIOR,Corn White,12112.0
2026-08-06,INTERIOR,INTERIOR,Corn Yellow,305250.0
2026-08-06,INTERIOR,INTERIOR,Sorghum,612.0
2026-08-06,INTERIOR,INTERIOR,Soybeans,138379.0
2026-08-06,INTERIOR,INTERIOR,Wheat,79650.0
2026-08-06,INTERIOR,SUBTOTAL,Canola,11476.0
2026-08-06,INTERIOR,SUBTOTAL,Corn White,12112.0
2026-08-06,INTERIOR,SUBTOTAL,Corn Yellow,305250.0
2026-08-06,INTERIOR,SUBTOTAL,Sorghum,612.0
2026-08-06,INTERIOR,SUBTOTAL,Soybeans,138379.0
2026-08-06,INTERIOR,SUBTOTAL,Wheat,79650.0
2026-08-06,PACIFIC,COLUMBIA R.,Canola,0.0
2026-08-06,PACIFIC,COLUMBIA R.,Corn White,0.0
2026-08-06,PACIFIC,COLUMBIA R.,Corn Yellow,320414.0
2026-08-06,PACIFIC,COLUMBIA R.,Sorghum,0.0
2026-08-06,PACIFIC,COLUMBIA R.,Soybeans,0.0
2026-08-06,PACIFIC,COLUMBIA R.,Wheat,266273.0
2026-08-06,PACIFIC,PUGET SOUND,Canola,0.0
2026-08-06,PACIFIC,PUGET SOUND,Corn White,0.0
2026-08-06,PACIFIC,PUGET SOUND,Corn Yellow,69169.0
2026-08-06,PACIFIC,PUGET SOUND,Sorghum,0.0
2026-08-06,PACIFIC,PUGET SOUND,Soybeans,0.0
2026-08-06,PACIFIC,PUGET SOUND,Wheat,661.0
2026-08-06,PACIFIC,SUBTOTAL,Canola,0.0
2026-08-06,PACIFIC,SUBTOTAL,Corn White,0.0
2026-08-06,PACIFIC,SUBTOTAL,Corn Yellow,389583.0
2026-08-06,PACIFIC,SUBTOTAL,Sorghum,0.0
2026-08-06,PACIFIC,SUBTOTAL,Soybeans,0.0
2026-08-06,PACIFIC,SUBTOTAL,Wheat,266934.0
2026-08-13,ATLANTIC,S. ATLANTIC,Corn White,0.0
2026-08-13,ATLANTIC,S. ATLANTIC,Corn Yellow,65146.0
2026-08-13,ATLANTIC,S. ATLANTIC,Rye,0.0
2026-08-13,ATLANTIC,S. ATLANTIC,Sorghum,0.0
2026-08-13,ATLANTIC,S. ATLANTIC,Soybeans,1908.0
2026-08-13,ATLANTIC,S. ATLANTIC,Wheat,1640.0
2026-08-13,ATLANTIC,SUBTOTAL,Corn White,0.0
2026-08-13,ATLANTIC,SUBTOTAL,Corn Yellow,65146.0
2026-08-13,ATLANTIC,SUBTOTAL,Rye,0.0
2026-08-13,ATLANTIC,SUBTOTAL,Sorghum,0.0
2026-08-13,ATLANTIC,SUBTOTAL,Soybeans,1908.0
2026-08-13,ATLANTIC,SUBTOTAL,Wheat,1640.0
2026-08-13,GULF,MISSISSIPPI R.,Corn White,39718.0
2026-08-13,GULF,MISSISSIPPI R.,Corn Yellow,1018286.0
2026-08-13,GULF,MISSISSIPPI R.,Rye,0.0
2026-08-13,GULF,MISSISSIPPI R.,Sorghum,0.0
2026-08-13,GULF,MISSISSIPPI R.,Soybeans,140073.0
2026-08-13,GULF,MISSISSIPPI R.,Wheat,113958.0
2026-08-13,GULF,N. TEXAS,Corn White,0.0
2026-08-13,GULF,N. TEXAS,Corn Yellow,7200.0
2026-08-13,GULF,N. TEXAS,Rye,0.0
2026-08-13,GULF,N. TEXAS,Sorghum,0.0
2026-08-13,GULF,N. TEXAS,Soybeans,0.0
2026-08-13,GULF,N. TEXAS,Wheat,19980.0
2026-08-13,GULF,SUBTOTAL,Corn White,39718.0
2026-08-13,GULF,SUBTOTAL,Corn Yellow,1025486.0
2026-08-13,GULF,SUBTOTAL,Rye,0.0
2026-08-13,GULF,SUBTOTAL,Sorghum,0.0
2026-08-13,GULF,SUBTOTAL,Soybeans,140073.0
2026-08-13,GULF,SUBTOTAL,Wheat,133938.0
2026-08-13,INTERIOR,INTERIOR,Corn White,269.0
2026-08-13,INTERIOR,INTERIOR,Corn Yellow,338380.0
2026-08-13,INTERIOR,INTERIOR,Rye,0.0
2026-08-13,INTERIOR,INTERIOR,Sorghum,880.0
2026-08-13,INTERIOR,INTERIOR,Soybeans,109320.0
2026-08-13,INTERIOR,INTERIOR,Wheat,41031.0
2026-08-13,INTERIOR,SUBTOTAL,Corn White,269.0
2026-08-13,INTERIOR,SUBTOTAL,Corn Yellow,338380.0
2026-08-13,INTERIOR,SUBTOTAL,Rye,0.0
2026-08-13,INTERIOR,SUBTOTAL,Sorghum,880.0
2026-08-13,INTERIOR,SUBTOTAL,Soybeans,109320.0
2026-08-13,INTERIOR,SUBTOTAL,Wheat,41031.0
2026-08-13,LAKES,DULUTH-SUP,Corn White,0.0
2026-08-13,LAKES,DULUTH-SUP,Corn Yellow,0.0
2026-08-13,LAKES,DULUTH-SUP,Rye,0.0
2026-08-13,LAKES,DULUTH-SUP,Sorghum,0.0
2026-08-13,LAKES,DULUTH-SUP,Soybeans,0.0
2026-08-13,LAKES,DULUTH-SUP,Wheat,15459.0
2026-08-13,LAKES,SUBTOTAL,Corn White,0.0
2026-08-13,LAKES,SUBTOTAL,Corn Yellow,21259.0
2026-08-13,LAKES,SUBTOTAL,Rye,0.0
2026-08-13,LAKES,SUBTOTAL,Sorghum,0.0
2026-08-13,LAKES,SUBTOTAL,Soybeans,0.0
2026-08-13,LAKES,SUBTOTAL,Wheat,15459.0
2026-08-13,LAKES,TOLEDO,Corn White,0.0
2026-08-13,LAKES,TOLEDO,Corn Yellow,21259.0
2026-08-13,LAKES,TOLEDO,Rye,0.0
2026-08-13,LAKES,TOLEDO,Sorghum,0.0
2026-08-13,LAKES,TOLEDO,Soybeans,0.0
2026-08-13,LAKES,TOLEDO,Wheat,0.0
2026-08-13,PACIFIC,COLUMBIA R.,Corn White,0.0
2026-08-13,PACIFIC,COLUMBIA R.,Corn Yellow,294243.0
2026-08-13,PACIFIC,COLUMBIA R.,Rye,0.0
2026-08-13,PACIFIC,COLUMBIA R.,Sorghum,0.0
2026-08-13,PACIFIC,COLUMBIA R.,Soybeans,18900.0
2026-08-13,PACIFIC,COLUMBIA R.,Wheat,301333.0
2026-08-13,PACIFIC,PUGET SOUND,Corn White,0.0
2026-08-13,PACIFIC,PUGET SOUND,Corn Yellow,126499.0
2026-08-13,PACIFIC,PUGET SOUND,Rye,0.0
2026-08-13,PACIFIC,PUGET SOUND,Sorghum,0.0
2026-08-13,PACIFIC,PUGET SOUND,Soybeans,0.0
2026-08-13,PACIFIC,PUGET SOUND,Wheat,0.0
2026-08-13,PACIFIC,SUBTOTAL,Corn White,0.0
2026-08-13,PACIFIC,SUBTOTAL,Corn Yellow,420742.0
2026-08-13,PACIFIC,SUBTOTAL,Rye,0.0
2026-08-13,PACIFIC,SUBTOTAL,Sorghum,0.0
2026-08-13,PACIFIC,SUBTOTAL,Soybeans,18900.0
2026-08-13,PACIFIC,SUBTOTAL,Wheat,301333.0
2026-08-20,ATLANTIC,S. ATLANTIC,Corn White,0.0
2026-08-20,ATLANTIC,S. ATLANTIC,Corn Yellow,35639.0
2026-08-20,ATLANTIC,S. ATLANTIC,Rye,0.0
2026-08-20,ATLANTIC,S. ATLANTIC,Sorghum,0.0
2026-08-20,ATLANTIC,S. ATLANTIC,Soybeans,490.0
2026-08-20,ATLANTIC,S. ATLANTIC,Wheat,1372.0
2026-08-20,ATLANTIC,SUBTOTAL,Corn White,0.0
2026-08-20,ATLANTIC,SUBTOTAL,Corn Yellow,35639.0
2026-08-20,ATLANTIC,SUBTOTAL,Rye,0.0
2026-08-20,ATLANTIC,SUBTOTAL,Sorghum,0.0
2026-08-20,ATLANTIC,SUBTOTAL,Soybeans,490.0
2026-08-20,ATLANTIC,SUBTOTAL,Wheat,1372.0
2026-08-20,GULF,MISSISSIPPI R.,Corn White,7993.0
2026-08-20,GULF,MISSISSIPPI R.,Corn Yellow,566325.0
2026-08-20,GULF,MISSISSIPPI R.,Rye,0.0
2026-08-20,GULF,MISSISSIPPI R.,Sorghum,0.0
2026-08-20,GULF,MISSISSIPPI R.,Soybeans,345776.0
2026-08-20,GULF,MISSISSIPPI R.,Wheat,31073.0
2026-08-20,GULF,N. TEXAS,Corn White,25300.0
2026-08-20,GULF,N. TEXAS,Corn Yellow,30521.0
2026-08-20,GULF,N. TEXAS,Rye,0.0
2026-08-20,GULF,N. TEXAS,Sorghum,0.0
2026-08-20,GULF,N. TEXAS,Soybeans,0.0
2026-08-20,GULF,N. TEXAS,Wheat,12232.0
2026-08-20,GULF,SUBTOTAL,Corn White,33293.0
2026-08-20,GULF,SUBTOTAL,Corn Yellow,596846.0
2026-08-20,GULF,SUBTOTAL,Rye,0.0
2026-08-20,GULF,SUBTOTAL,Sorghum,0.0
2026-08-20,GULF,SUBTOTAL,Soybeans,345776.0
2026-08-20,GULF,SUBTOTAL,Wheat,43305.0
2026-08-20,INTERIOR,INTERIOR,Corn White,0.0
2026-08-20,INTERIOR,INTERIOR,Corn Yellow,251614.0
2026-08-20,INTERIOR,INTERIOR,Rye,0.0
2026-08-20,INTERIOR,INTERIOR,Sorghum,979.0
2026-08-20,INTERIOR,INTERIOR,Soybeans,74629.0
2026-08-20,INTERIOR,INTERIOR,Wheat,37116.0
2026-08-20,INTERIOR,SUBTOTAL,Corn White,0.0
2026-08-20,INTERIOR,SUBTOTAL,Corn Yellow,251614.0
2026-08-20,INTERIOR,SUBTOTAL,Rye,0.0
2026-08-20,INTERIOR,SUBTOTAL,Sorghum,979.0
2026-08-20,INTERIOR,SUBTOTAL,Soybeans,74629.0
2026-08-20,INTERIOR,SUBTOTAL,Wheat,37116.0
2026-08-20,PACIFIC,COLUMBIA R.,Corn White,0.0
2026-08-20,PACIFIC,COLUMBIA R.,Corn Yellow,306842.0
2026-08-20,PACIFIC,COLUMBIA R.,Rye,0.0
2026-08-20,PACIFIC,COLUMBIA R.,Sorghum,0.0
2026-08-20,PACIFIC,COLUMBIA R.,Soybeans,0.0
2026-08-20,PACIFIC,COLUMBIA R.,Wheat,343189.0
2026-08-20,PACIFIC,PUGET SOUND,Corn White,0.0
2026-08-20,PACIFIC,PUGET SOUND,Corn Yellow,72037.0
2026-08-20,PACIFIC,PUGET SOUND,Rye,0.0
2026-08-20,PACIFIC,PUGET SOUND,Sorghum,0.0
2026-08-20,PACIFIC,PUGET SOUND,Soybeans,0.0
2026-08-20,PACIFIC,PUGET SOUND,Wheat,686.0
2026-08-20,PACIFIC,SUBTOTAL,Corn White,0.0
2026-08-20,PACIFIC,SUBTOTAL,Corn Yellow,378879.0
2026-08-20,PACIFIC,SUBTOTAL,Rye,0.0
2026-08-20,PACIFIC,SUBTOTAL,Sorghum,0.0
2026-08-20,PACIFIC,SUBTOTAL,Soybeans,0.0
2026-08-20,PACIFIC,SUBTOTAL,Wheat,343875.0
