commodity,season_year,week_number,week_end,season_status,first_published,adjustments,week_total,unit
Soybeans (SAGIS),2018,1,2018-03-02,Final,0.0,0.0,0.0,MT
Soybeans (SAGIS),2018,2,2018-03-09,Final,0.0,0.0,0.0,MT
Soybeans (SAGIS),2018,3,2018-03-16,Final,0.0,0.0,0.0,MT
Soybeans (SAGIS),2018,4,2018-03-23,Final,0.0,0.0,0.0,MT
Soybeans (SAGIS),2018,5,2018-03-30,Final,19024.0,0.0,19024.0,MT
Soybeans (SAGIS),2018,6,2018-04-06,Final,0.0,0.0,0.0,MT
Soybeans (SAGIS),2018,7,2018-04-13,Final,0.0,0.0,0.0,MT
Soybeans (SAGIS),2018,8,2018-04-20,Final,0.0,0.0,0.0,MT
Soybeans (SAGIS),2018,9,2018-04-27,Final,377453.0,-1394.0,376059.0,MT
Soybeans (SAGIS),2018,10,2018-05-04,Final,0.0,0.0,0.0,MT
Soybeans (SAGIS),2018,11,2018-05-11,Final,0.0,0.0,0.0,MT
Soybeans (SAGIS),2018,12,2018-05-18,Final,0.0,0.0,0.0,MT
Soybeans (SAGIS),2018,13,2018-05-25,Final,899760.0,11659.0,911419.0,MT
Soybeans (SAGIS),2018,14,2018-06-01,Final,3191.0,0.0,3191.0,MT
Soybeans (SAGIS),2018,15,2018-06-08,Final,58518.0,-6343.0,52175.0,MT
Soybeans (SAGIS),2018,16,2018-06-15,Final,41080.0,-10881.0,30199.0,MT
Soybeans (SAGIS),2018,17,2018-06-22,Final,27034.0,-10760.0,16274.0,MT
Soybeans (SAGIS),2018,18,2018-06-29,Final,22588.0,11984.0,34572.0,MT
Soybeans (SAGIS),2018,19,2018-07-06,Final,17258.0,-13915.0,3343.0,MT
Soybeans (SAGIS),2018,20,2018-07-13,Final,8392.0,-5073.0,3319.0,MT
Soybeans (SAGIS),2018,21,2018-07-20,Final,9022.0,-6767.0,2255.0,MT
Soybeans (SAGIS),2018,22,2018-07-27,Final,2426.0,4643.0,7069.0,MT
Soybeans (SAGIS),2018,23,2018-08-03,Final,1279.0,-856.0,423.0,MT
Soybeans (SAGIS),2018,24,2018-08-10,Final,1503.0,0.0,1503.0,MT
Soybeans (SAGIS),2018,25,2018-08-17,Final,2279.0,-58.0,2221.0,MT
Soybeans (SAGIS),2018,26,2018-08-24,Final,3683.0,-766.0,2917.0,MT
Soybeans (SAGIS),2018,27,2018-08-31,Final,4147.0,-2158.0,1989.0,MT
Soybeans (SAGIS),2018,28,2018-09-07,Final,1379.0,0.0,1379.0,MT
Soybeans (SAGIS),2018,29,2018-09-14,Final,800.0,0.0,800.0,MT
Soybeans (SAGIS),2018,30,2018-09-21,Final,779.0,13.0,792.0,MT
Soybeans (SAGIS),2018,31,2018-09-28,Final,568.0,7191.0,7759.0,MT
Soybeans (SAGIS),2018,32,2018-10-05,Final,415.0,-44.0,371.0,MT
Soybeans (SAGIS),2018,33,2018-10-12,Final,697.0,0.0,697.0,MT
Soybeans (SAGIS),2018,34,2018-10-19,Final,641.0,0.0,641.0,MT
Soybeans (SAGIS),2018,35,2018-10-26,Final,431.0,3059.0,3490.0,MT
Soybeans (SAGIS),2018,36,2018-11-02,Final,386.0,-265.0,121.0,MT
Soybeans (SAGIS),2018,37,2018-11-09,Final,527.0,0.0,527.0,MT
Soybeans (SAGIS),2018,38,2018-11-16,Final,662.0,-209.0,453.0,MT
Soybeans (SAGIS),2018,39,2018-11-23,Final,540.0,0.0,540.0,MT
Soybeans (SAGIS),2018,40,2018-11-30,Final,720.0,2130.0,2850.0,MT
Soybeans (SAGIS),2018,41,2018-12-07,Final,593.0,0.0,593.0,MT
Soybeans (SAGIS),2018,42,2018-12-14,Final,804.0,15.0,819.0,MT
Soybeans (SAGIS),2018,43,2018-12-21,Final,1152.0,126.0,1278.0,MT
Soybeans (SAGIS),2018,44,2018-12-28,Final,141.0,-256.0,-115.0,MT
Soybeans (SAGIS),2018,45,2019-01-04,Final,284.0,-26.0,258.0,MT
Soybeans (SAGIS),2018,46,2019-01-11,Final,982.0,0.0,982.0,MT
Soybeans (SAGIS),2018,47,2019-01-18,Final,1564.0,-56.0,1508.0,MT
Soybeans (SAGIS),2018,48,2019-01-25,Final,1756.0,1831.0,3587.0,MT
Soybeans (SAGIS),2018,49,2019-02-01,Final,811.0,-297.0,514.0,MT
Soybeans (SAGIS),2018,50,2019-02-08,Final,997.0,0.0,997.0,MT
Soybeans (SAGIS),2018,51,2019-02-15,Final,1188.0,20.0,1208.0,MT
Soybeans (SAGIS),2018,52,2019-02-22,Final,1271.0,1704.0,2975.0,MT
Soybeans (SAGIS),2019,1,2019-03-01,Final,1065.0,-261.0,804.0,MT
Soybeans (SAGIS),2019,2,2019-03-08,Final,945.0,328.0,1273.0,MT
Soybeans (SAGIS),2019,3,2019-03-15,Final,2457.0,-550.0,1907.0,MT
Soybeans (SAGIS),2019,4,2019-03-22,Final,6898.0,-1350.0,5548.0,MT
Soybeans (SAGIS),2019,5,2019-03-29,Final,20765.0,11016.0,31781.0,MT
Soybeans (SAGIS),2019,6,2019-04-05,Final,33687.0,-1258.0,32429.0,MT
Soybeans (SAGIS),2019,7,2019-04-12,Final,17378.0,95.0,17473.0,MT
Soybeans (SAGIS),2019,8,2019-04-19,Final,78186.0,3710.0,81896.0,MT
Soybeans (SAGIS),2019,9,2019-04-26,Final,37842.0,98125.0,135967.0,MT
Soybeans (SAGIS),2019,10,2019-05-03,Final,131018.0,-5738.0,125280.0,MT
Soybeans (SAGIS),2019,11,2019-05-10,Final,160504.0,12153.0,172657.0,MT
Soybeans (SAGIS),2019,12,2019-05-17,Final,170536.0,8.0,170544.0,MT
Soybeans (SAGIS),2019,13,2019-05-24,Final,108056.0,57.0,108113.0,MT
Soybeans (SAGIS),2019,14,2019-05-31,Final,57466.0,75680.0,133146.0,MT
Soybeans (SAGIS),2019,15,2019-06-07,Final,32412.0,344.0,32756.0,MT
Soybeans (SAGIS),2019,16,2019-06-14,Final,15379.0,1161.0,16540.0,MT
Soybeans (SAGIS),2019,17,2019-06-21,Final,7860.0,421.0,8281.0,MT
Soybeans (SAGIS),2019,18,2019-06-28,Final,4360.0,11408.0,15768.0,MT
Soybeans (SAGIS),2019,19,2019-07-05,Final,3146.0,-1112.0,2034.0,MT
Soybeans (SAGIS),2019,20,2019-07-12,Final,1887.0,0.0,1887.0,MT
Soybeans (SAGIS),2019,21,2019-07-19,Final,1897.0,0.0,1897.0,MT
Soybeans (SAGIS),2019,22,2019-07-26,Final,4583.0,159.0,4742.0,MT
Soybeans (SAGIS),2019,23,2019-08-02,Final,1042.0,-347.0,695.0,MT
Soybeans (SAGIS),2019,24,2019-08-09,Final,1738.0,-24.0,1714.0,MT
Soybeans (SAGIS),2019,25,2019-08-16,Final,2432.0,0.0,2432.0,MT
Soybeans (SAGIS),2019,26,2019-08-23,Final,1866.0,0.0,1866.0,MT
Soybeans (SAGIS),2019,27,2019-08-30,Final,1027.0,1874.0,2901.0,MT
Soybeans (SAGIS),2019,28,2019-09-06,Final,777.0,-246.0,531.0,MT
Soybeans (SAGIS),2019,29,2019-09-13,Final,916.0,0.0,916.0,MT
Soybeans (SAGIS),2019,30,2019-09-20,Final,412.0,0.0,412.0,MT
Soybeans (SAGIS),2019,31,2019-09-27,Final,244.0,3309.0,3553.0,MT
Soybeans (SAGIS),2019,32,2019-10-04,Final,826.0,-372.0,454.0,MT
Soybeans (SAGIS),2019,33,2019-10-11,Final,740.0,0.0,740.0,MT
Soybeans (SAGIS),2019,34,2019-10-18,Final,387.0,0.0,387.0,MT
Soybeans (SAGIS),2019,35,2019-10-25,Final,479.0,1578.0,2057.0,MT
Soybeans (SAGIS),2019,36,2019-11-01,Final,414.0,-300.0,114.0,MT
Soybeans (SAGIS),2019,37,2019-11-08,Final,313.0,0.0,313.0,MT
Soybeans (SAGIS),2019,38,2019-11-15,Final,450.0,8.0,458.0,MT
Soybeans (SAGIS),2019,39,2019-11-22,Final,263.0,0.0,263.0,MT
Soybeans (SAGIS),2019,40,2019-11-29,Final,797.0,-41.0,756.0,MT
Soybeans (SAGIS),2019,41,2019-12-06,Final,206.0,-5.0,201.0,MT
Soybeans (SAGIS),2019,42,2019-12-13,Final,341.0,-86.0,255.0,MT
Soybeans (SAGIS),2019,43,2019-12-20,Final,244.0,0.0,244.0,MT
Soybeans (SAGIS),2019,44,2019-12-27,Final,401.0,508.0,909.0,MT
Soybeans (SAGIS),2019,45,2020-01-03,Final,54.0,-22.0,32.0,MT
Soybeans (SAGIS),2019,46,2020-01-10,Final,697.0,21.0,718.0,MT
Soybeans (SAGIS),2019,47,2020-01-17,Final,1047.0,209.0,1256.0,MT
Soybeans (SAGIS),2019,48,2020-01-24,Final,1053.0,25.0,1078.0,MT
Soybeans (SAGIS),2019,49,2020-01-31,Final,1063.0,1875.0,2938.0,MT
Soybeans (SAGIS),2019,50,2020-02-07,Final,865.0,0.0,865.0,MT
Soybeans (SAGIS),2019,51,2020-02-14,Final,722.0,0.0,722.0,MT
Soybeans (SAGIS),2019,52,2020-02-21,Final,791.0,9.0,800.0,MT
Soybeans (SAGIS),2019,53,2020-02-28,Final,616.0,1260.0,1876.0,MT
Soybeans (SAGIS),2020,1,2020-03-06,Final,905.0,-10.0,895.0,MT
Soybeans (SAGIS),2020,2,2020-03-13,Final,1057.0,0.0,1057.0,MT
Soybeans (SAGIS),2020,3,2020-03-20,Final,2742.0,10.0,2752.0,MT
Soybeans (SAGIS),2020,4,2020-03-27,Final,9996.0,18426.0,28422.0,MT
Soybeans (SAGIS),2020,5,2020-04-03,Final,13995.0,-4509.0,9486.0,MT
Soybeans (SAGIS),2020,6,2020-04-10,Final,24065.0,0.0,24065.0,MT
Soybeans (SAGIS),2020,7,2020-04-17,Final,57893.0,-28.0,57865.0,MT
Soybeans (SAGIS),2020,8,2020-04-24,Final,167142.0,107677.0,274819.0,MT
Soybeans (SAGIS),2020,9,2020-05-01,Final,12948.0,-3844.0,9104.0,MT
Soybeans (SAGIS),2020,10,2020-05-08,Final,221553.0,0.0,221553.0,MT
Soybeans (SAGIS),2020,11,2020-05-15,Final,211529.0,1612.0,213141.0,MT
Soybeans (SAGIS),2020,12,2020-05-22,Final,139153.0,-30.0,139123.0,MT
Soybeans (SAGIS),2020,13,2020-05-29,Final,73919.0,69209.0,143128.0,MT
Soybeans (SAGIS),2020,14,2020-06-05,Final,27244.0,-5138.0,22106.0,MT
Soybeans (SAGIS),2020,15,2020-06-12,Final,11916.0,0.0,11916.0,MT
Soybeans (SAGIS),2020,16,2020-06-19,Final,3735.0,0.0,3735.0,MT
Soybeans (SAGIS),2020,17,2020-06-26,Final,2850.0,17049.0,19899.0,MT
Soybeans (SAGIS),2020,18,2020-07-03,Final,2594.0,-300.0,2294.0,MT
Soybeans (SAGIS),2020,19,2020-07-10,Final,1220.0,2.0,1222.0,MT
Soybeans (SAGIS),2020,20,2020-07-17,Final,1062.0,38.0,1100.0,MT
Soybeans (SAGIS),2020,21,2020-07-24,Final,1767.0,0.0,1767.0,MT
Soybeans (SAGIS),2020,22,2020-07-31,Final,1011.0,-242.0,769.0,MT
Soybeans (SAGIS),2020,23,2020-08-07,Final,1207.0,74.0,1281.0,MT
Soybeans (SAGIS),2020,24,2020-08-14,Final,908.0,161.0,1069.0,MT
Soybeans (SAGIS),2020,25,2020-08-21,Final,1361.0,0.0,1361.0,MT
Soybeans (SAGIS),2020,26,2020-08-28,Final,1075.0,1279.0,2354.0,MT
Soybeans (SAGIS),2020,27,2020-09-04,Final,550.0,-67.0,483.0,MT
Soybeans (SAGIS),2020,28,2020-09-11,Final,1060.0,0.0,1060.0,MT
Soybeans (SAGIS),2020,29,2020-09-18,Final,1413.0,0.0,1413.0,MT
Soybeans (SAGIS),2020,30,2020-09-25,Final,478.0,2830.0,3308.0,MT
Soybeans (SAGIS),2020,31,2020-10-02,Final,608.0,-283.0,325.0,MT
Soybeans (SAGIS),2020,32,2020-10-09,Final,918.0,0.0,918.0,MT
Soybeans (SAGIS),2020,33,2020-10-16,Final,714.0,11.0,725.0,MT
Soybeans (SAGIS),2020,34,2020-10-23,Final,260.0,41.0,301.0,MT
Soybeans (SAGIS),2020,35,2020-10-30,Final,175.0,276.0,451.0,MT
Soybeans (SAGIS),2020,36,2020-11-06,Final,290.0,0.0,290.0,MT
Soybeans (SAGIS),2020,37,2020-11-13,Final,321.0,0.0,321.0,MT
Soybeans (SAGIS),2020,38,2020-11-20,Final,190.0,0.0,190.0,MT
Soybeans (SAGIS),2020,39,2020-11-27,Final,318.0,1111.0,1429.0,MT
Soybeans (SAGIS),2020,40,2020-12-04,Final,677.0,-187.0,490.0,MT
Soybeans (SAGIS),2020,41,2020-12-11,Final,522.0,0.0,522.0,MT
Soybeans (SAGIS),2020,42,2020-12-18,Final,923.0,0.0,923.0,MT
Soybeans (SAGIS),2020,43,2020-12-25,Final,451.0,-198.0,253.0,MT
Soybeans (SAGIS),2020,44,2021-01-01,Final,106.0,-57.0,49.0,MT
Soybeans (SAGIS),2020,45,2021-01-08,Final,1302.0,0.0,1302.0,MT
Soybeans (SAGIS),2020,46,2021-01-15,Final,1660.0,7.0,1667.0,MT
Soybeans (SAGIS),2020,47,2021-01-22,Final,1407.0,0.0,1407.0,MT
Soybeans (SAGIS),2020,48,2021-01-29,Final,839.0,1062.0,1901.0,MT
Soybeans (SAGIS),2020,49,2021-02-05,Final,738.0,-35.0,703.0,MT
Soybeans (SAGIS),2020,50,2021-02-12,Final,904.0,0.0,904.0,MT
Soybeans (SAGIS),2020,51,2021-02-19,Final,414.0,15.0,429.0,MT
Soybeans (SAGIS),2020,52,2021-02-26,Final,302.0,695.0,997.0,MT
Soybeans (SAGIS),2021,1,2021-03-05,Final,1185.0,-12.0,1173.0,MT
Soybeans (SAGIS),2021,2,2021-03-12,Final,9522.0,0.0,9522.0,MT
Soybeans (SAGIS),2021,3,2021-03-19,Final,31395.0,0.0,31395.0,MT
Soybeans (SAGIS),2021,4,2021-03-26,Final,30033.0,68408.0,98441.0,MT
Soybeans (SAGIS),2021,5,2021-04-02,Final,27594.0,10649.0,38243.0,MT
Soybeans (SAGIS),2021,6,2021-04-09,Final,188249.0,924.0,189173.0,MT
Soybeans (SAGIS),2021,7,2021-04-16,Final,395663.0,3375.0,399038.0,MT
Soybeans (SAGIS),2021,8,2021-04-23,Final,341752.0,2146.0,343898.0,MT
Soybeans (SAGIS),2021,9,2021-04-30,Final,216566.0,106026.0,322592.0,MT
Soybeans (SAGIS),2021,10,2021-05-07,Final,116463.0,158.0,116621.0,MT
Soybeans (SAGIS),2021,11,2021-05-14,Final,92235.0,0.0,92235.0,MT
Soybeans (SAGIS),2021,12,2021-05-21,Final,51480.0,0.0,51480.0,MT
Soybeans (SAGIS),2021,13,2021-05-28,Final,17889.0,61662.0,79551.0,MT
Soybeans (SAGIS),2021,14,2021-06-04,Final,5355.0,-2160.0,3195.0,MT
Soybeans (SAGIS),2021,15,2021-06-11,Final,3297.0,3.0,3300.0,MT
Soybeans (SAGIS),2021,16,2021-06-18,Final,2648.0,0.0,2648.0,MT
Soybeans (SAGIS),2021,17,2021-06-25,Final,4490.0,14315.0,18805.0,MT
Soybeans (SAGIS),2021,18,2021-07-02,Final,2759.0,-1172.0,1587.0,MT
Soybeans (SAGIS),2021,19,2021-07-09,Final,2118.0,107.0,2225.0,MT
Soybeans (SAGIS),2021,20,2021-07-16,Final,1018.0,0.0,1018.0,MT
Soybeans (SAGIS),2021,21,2021-07-23,Final,1150.0,0.0,1150.0,MT
Soybeans (SAGIS),2021,22,2021-07-30,Final,1378.0,1820.0,3198.0,MT
Soybeans (SAGIS),2021,23,2021-08-06,Final,822.0,0.0,822.0,MT
Soybeans (SAGIS),2021,24,2021-08-13,Final,1517.0,0.0,1517.0,MT
Soybeans (SAGIS),2021,25,2021-08-20,Final,1247.0,0.0,1247.0,MT
Soybeans (SAGIS),2021,26,2021-08-27,Final,1867.0,4186.0,6053.0,MT
Soybeans (SAGIS),2021,27,2021-09-03,Final,1457.0,-713.0,744.0,MT
Soybeans (SAGIS),2021,28,2021-09-10,Final,1323.0,0.0,1323.0,MT
Soybeans (SAGIS),2021,29,2021-09-17,Final,1353.0,0.0,1353.0,MT
Soybeans (SAGIS),2021,30,2021-09-24,Final,1017.0,3963.0,4980.0,MT
Soybeans (SAGIS),2021,31,2021-10-01,Final,948.0,-889.0,59.0,MT
Soybeans (SAGIS),2021,32,2021-10-08,Final,1137.0,0.0,1137.0,MT
Soybeans (SAGIS),2021,33,2021-10-15,Final,485.0,21.0,506.0,MT
Soybeans (SAGIS),2021,34,2021-10-22,Final,760.0,0.0,760.0,MT
Soybeans (SAGIS),2021,35,2021-10-29,Final,746.0,2437.0,3183.0,MT
Soybeans (SAGIS),2021,36,2021-11-05,Final,327.0,-106.0,221.0,MT
Soybeans (SAGIS),2021,37,2021-11-12,Final,248.0,0.0,248.0,MT
Soybeans (SAGIS),2021,38,2021-11-19,Final,627.0,0.0,627.0,MT
Soybeans (SAGIS),2021,39,2021-11-26,Final,1353.0,3661.0,5014.0,MT
Soybeans (SAGIS),2021,40,2021-12-03,Final,941.0,-742.0,199.0,MT
Soybeans (SAGIS),2021,41,2021-12-10,Final,978.0,11.0,989.0,MT
Soybeans (SAGIS),2021,42,2021-12-17,Final,1126.0,0.0,1126.0,MT
Soybeans (SAGIS),2021,43,2021-12-24,Final,1373.0,0.0,1373.0,MT
Soybeans (SAGIS),2021,44,2021-12-31,Final,841.0,4052.0,4893.0,MT
Soybeans (SAGIS),2021,45,2022-01-07,Final,1030.0,4.0,1034.0,MT
Soybeans (SAGIS),2021,46,2022-01-14,Final,2103.0,0.0,2103.0,MT
Soybeans (SAGIS),2021,47,2022-01-21,Final,1356.0,0.0,1356.0,MT
Soybeans (SAGIS),2021,48,2022-01-28,Final,1590.0,2262.0,3852.0,MT
Soybeans (SAGIS),2021,49,2022-02-04,Final,940.0,-219.0,721.0,MT
Soybeans (SAGIS),2021,50,2022-02-11,Final,2739.0,0.0,2739.0,MT
Soybeans (SAGIS),2021,51,2022-02-18,Final,1466.0,0.0,1466.0,MT
Soybeans (SAGIS),2021,52,2022-02-25,Final,1575.0,4773.0,6348.0,MT
Soybeans (SAGIS),2022,1,2022-03-04,Final,1005.0,-83.0,922.0,MT
Soybeans (SAGIS),2022,2,2022-03-11,Final,2165.0,0.0,2165.0,MT
Soybeans (SAGIS),2022,3,2022-03-18,Final,4202.0,0.0,4202.0,MT
Soybeans (SAGIS),2022,4,2022-03-25,Final,80023.0,0.0,80023.0,MT
Soybeans (SAGIS),2022,5,2022-04-01,Final,13581.0,0.0,13581.0,MT
Soybeans (SAGIS),2022,6,2022-04-08,Final,48776.0,0.0,48776.0,MT
Soybeans (SAGIS),2022,7,2022-04-15,Final,22914.0,0.0,22914.0,MT
Soybeans (SAGIS),2022,8,2022-04-22,Final,66460.0,0.0,66460.0,MT
Soybeans (SAGIS),2022,9,2022-04-29,Final,233135.0,8.0,233143.0,MT
Soybeans (SAGIS),2022,10,2022-05-06,Final,342478.0,0.0,342478.0,MT
Soybeans (SAGIS),2022,11,2022-05-13,Final,360027.0,850.0,360877.0,MT
Soybeans (SAGIS),2022,12,2022-05-20,Final,263492.0,826.0,264318.0,MT
Soybeans (SAGIS),2022,13,2022-05-27,Final,317760.0,5987.0,323747.0,MT
Soybeans (SAGIS),2022,14,2022-06-03,Final,65408.0,39636.0,105044.0,MT
Soybeans (SAGIS),2022,15,2022-06-10,Final,83085.0,15008.0,98093.0,MT
Soybeans (SAGIS),2022,16,2022-06-17,Final,41873.0,12778.0,54651.0,MT
Soybeans (SAGIS),2022,17,2022-06-24,Final,18645.0,17011.0,35656.0,MT
Soybeans (SAGIS),2022,18,2022-07-01,Final,8268.0,4620.0,12888.0,MT
Soybeans (SAGIS),2022,19,2022-07-08,Final,9136.0,-454.0,8682.0,MT
Soybeans (SAGIS),2022,20,2022-07-15,Final,6706.0,-32.0,6674.0,MT
Soybeans (SAGIS),2022,21,2022-07-22,Final,4551.0,-199.0,4352.0,MT
Soybeans (SAGIS),2022,22,2022-07-29,Final,6592.0,2368.0,8960.0,MT
Soybeans (SAGIS),2022,23,2022-08-05,Final,3684.0,584.0,4268.0,MT
Soybeans (SAGIS),2022,24,2022-08-12,Final,2735.0,539.0,3274.0,MT
Soybeans (SAGIS),2022,25,2022-08-19,Final,2381.0,536.0,2917.0,MT
Soybeans (SAGIS),2022,26,2022-08-26,Final,2401.0,3551.0,5952.0,MT
Soybeans (SAGIS),2022,27,2022-09-02,Final,3467.0,1397.0,4864.0,MT
Soybeans (SAGIS),2022,28,2022-09-09,Final,4417.0,564.0,4981.0,MT
Soybeans (SAGIS),2022,29,2022-09-16,Final,2900.0,1255.0,4155.0,MT
Soybeans (SAGIS),2022,30,2022-09-23,Final,2726.0,213.0,2939.0,MT
Soybeans (SAGIS),2022,31,2022-09-30,Final,3123.0,389.0,3512.0,MT
Soybeans (SAGIS),2022,32,2022-10-07,Final,1757.0,137.0,1894.0,MT
Soybeans (SAGIS),2022,33,2022-10-14,Final,1930.0,218.0,2148.0,MT
Soybeans (SAGIS),2022,34,2022-10-21,Final,1178.0,358.0,1536.0,MT
Soybeans (SAGIS),2022,35,2022-10-28,Final,1834.0,3105.0,4939.0,MT
Soybeans (SAGIS),2022,36,2022-11-04,Final,1224.0,1377.0,2601.0,MT
Soybeans (SAGIS),2022,37,2022-11-11,Final,3280.0,-1610.0,1670.0,MT
Soybeans (SAGIS),2022,38,2022-11-18,Final,876.0,655.0,1531.0,MT
Soybeans (SAGIS),2022,39,2022-11-25,Final,374.0,1138.0,1512.0,MT
Soybeans (SAGIS),2022,40,2022-12-02,Final,1060.0,-97.0,963.0,MT
Soybeans (SAGIS),2022,41,2022-12-09,Final,1177.0,598.0,1775.0,MT
Soybeans (SAGIS),2022,42,2022-12-16,Final,1674.0,1188.0,2862.0,MT
Soybeans (SAGIS),2022,43,2022-12-23,Final,1708.0,1034.0,2742.0,MT
Soybeans (SAGIS),2022,44,2022-12-30,Final,246.0,919.0,1165.0,MT
Soybeans (SAGIS),2022,45,2023-01-06,Final,871.0,641.0,1512.0,MT
Soybeans (SAGIS),2022,46,2023-01-13,Final,2962.0,462.0,3424.0,MT
Soybeans (SAGIS),2022,47,2023-01-20,Final,4306.0,-568.0,3738.0,MT
Soybeans (SAGIS),2022,48,2023-01-27,Final,4264.0,1261.0,5525.0,MT
Soybeans (SAGIS),2022,49,2023-02-03,Final,3057.0,-422.0,2635.0,MT
Soybeans (SAGIS),2022,50,2023-02-10,Final,2466.0,-851.0,1615.0,MT
Soybeans (SAGIS),2022,51,2023-02-17,Final,1355.0,87.0,1442.0,MT
Soybeans (SAGIS),2022,52,2023-02-24,Final,2496.0,1518.0,4014.0,MT
Soybeans (SAGIS),2023,1,2023-03-03,Final,578.0,589.0,1167.0,MT
Soybeans (SAGIS),2023,2,2023-03-10,Final,1998.0,1003.0,3001.0,MT
Soybeans (SAGIS),2023,3,2023-03-17,Final,3948.0,3544.0,7492.0,MT
Soybeans (SAGIS),2023,4,2023-03-24,Final,12191.0,6075.0,18266.0,MT
Soybeans (SAGIS),2023,5,2023-03-31,Final,27001.0,6814.0,33815.0,MT
Soybeans (SAGIS),2023,6,2023-04-07,Final,60046.0,3565.0,63611.0,MT
Soybeans (SAGIS),2023,7,2023-04-14,Final,193227.0,4007.0,197234.0,MT
Soybeans (SAGIS),2023,8,2023-04-21,Final,481551.0,20758.0,502309.0,MT
Soybeans (SAGIS),2023,9,2023-04-28,Final,553921.0,25723.0,579644.0,MT
Soybeans (SAGIS),2023,10,2023-05-05,Final,351276.0,10468.0,361744.0,MT
Soybeans (SAGIS),2023,11,2023-05-12,Final,170907.0,3019.0,173926.0,MT
Soybeans (SAGIS),2023,12,2023-05-19,Final,159706.0,21024.0,180730.0,MT
Soybeans (SAGIS),2023,13,2023-05-26,Final,233386.0,15902.0,249288.0,MT
Soybeans (SAGIS),2023,14,2023-06-02,Final,88279.0,2336.0,90615.0,MT
Soybeans (SAGIS),2023,15,2023-06-09,Final,62311.0,-1367.0,60944.0,MT
Soybeans (SAGIS),2023,16,2023-06-16,Final,29736.0,3057.0,32793.0,MT
Soybeans (SAGIS),2023,17,2023-06-23,Final,18877.0,8.0,18885.0,MT
Soybeans (SAGIS),2023,18,2023-06-30,Final,11264.0,778.0,12042.0,MT
Soybeans (SAGIS),2023,19,2023-07-07,Final,11459.0,-2115.0,9344.0,MT
Soybeans (SAGIS),2023,20,2023-07-14,Final,7959.0,-541.0,7418.0,MT
Soybeans (SAGIS),2023,21,2023-07-21,Final,7252.0,-2410.0,4842.0,MT
Soybeans (SAGIS),2023,22,2023-07-28,Final,6366.0,-880.0,5486.0,MT
Soybeans (SAGIS),2023,23,2023-08-04,Final,7472.0,-551.0,6921.0,MT
Soybeans (SAGIS),2023,24,2023-08-11,Final,3247.0,555.0,3802.0,MT
Soybeans (SAGIS),2023,25,2023-08-18,Final,3182.0,1065.0,4247.0,MT
Soybeans (SAGIS),2023,26,2023-08-25,Final,5158.0,322.0,5480.0,MT
Soybeans (SAGIS),2023,27,2023-09-01,Final,6154.0,195.0,6349.0,MT
Soybeans (SAGIS),2023,28,2023-09-08,Final,6605.0,2386.0,8991.0,MT
Soybeans (SAGIS),2023,29,2023-09-15,Final,7903.0,1584.0,9487.0,MT
Soybeans (SAGIS),2023,30,2023-09-22,Final,3161.0,622.0,3783.0,MT
Soybeans (SAGIS),2023,31,2023-09-29,Final,2995.0,1045.0,4040.0,MT
Soybeans (SAGIS),2023,32,2023-10-06,Final,3343.0,216.0,3559.0,MT
Soybeans (SAGIS),2023,33,2023-10-13,Final,4189.0,-1071.0,3118.0,MT
Soybeans (SAGIS),2023,34,2023-10-20,Final,5597.0,-2894.0,2703.0,MT
Soybeans (SAGIS),2023,35,2023-10-27,Final,3842.0,-74.0,3768.0,MT
Soybeans (SAGIS),2023,36,2023-11-03,Final,2450.0,447.0,2897.0,MT
Soybeans (SAGIS),2023,37,2023-11-10,Final,1114.0,114.0,1228.0,MT
Soybeans (SAGIS),2023,38,2023-11-17,Final,1255.0,144.0,1399.0,MT
Soybeans (SAGIS),2023,39,2023-11-24,Final,1421.0,878.0,2299.0,MT
Soybeans (SAGIS),2023,40,2023-12-01,Final,2240.0,553.0,2793.0,MT
Soybeans (SAGIS),2023,41,2023-12-08,Final,2389.0,456.0,2845.0,MT
Soybeans (SAGIS),2023,42,2023-12-15,Final,1372.0,117.0,1489.0,MT
Soybeans (SAGIS),2023,43,2023-12-22,Final,1422.0,174.0,1596.0,MT
Soybeans (SAGIS),2023,44,2023-12-29,Final,191.0,738.0,929.0,MT
Soybeans (SAGIS),2023,45,2024-01-05,Final,1473.0,921.0,2394.0,MT
Soybeans (SAGIS),2023,46,2024-01-12,Final,2181.0,197.0,2378.0,MT
Soybeans (SAGIS),2023,47,2024-01-19,Final,3135.0,-10.0,3125.0,MT
Soybeans (SAGIS),2023,48,2024-01-26,Final,2283.0,312.0,2595.0,MT
Soybeans (SAGIS),2023,49,2024-02-02,Final,2802.0,825.0,3627.0,MT
Soybeans (SAGIS),2023,50,2024-02-09,Final,1942.0,1097.0,3039.0,MT
Soybeans (SAGIS),2023,51,2024-02-16,Final,3879.0,1790.0,5669.0,MT
Soybeans (SAGIS),2023,52,2024-02-23,Final,2605.0,2638.0,5243.0,MT
Soybeans (SAGIS),2024,1,2024-03-01,Final,4719.0,-1232.0,3487.0,MT
Soybeans (SAGIS),2024,2,2024-03-08,Final,11039.0,656.0,11695.0,MT
Soybeans (SAGIS),2024,3,2024-03-15,Final,52188.0,220.0,52408.0,MT
Soybeans (SAGIS),2024,4,2024-03-22,Final,75492.0,1066.0,76558.0,MT
Soybeans (SAGIS),2024,5,2024-03-29,Final,58960.0,3409.0,62369.0,MT
Soybeans (SAGIS),2024,6,2024-04-05,Final,83969.0,2888.0,86857.0,MT
Soybeans (SAGIS),2024,7,2024-04-12,Final,55405.0,1896.0,57301.0,MT
Soybeans (SAGIS),2024,8,2024-04-19,Final,181514.0,2747.0,184261.0,MT
Soybeans (SAGIS),2024,9,2024-04-26,Final,362804.0,7609.0,370413.0,MT
Soybeans (SAGIS),2024,10,2024-05-03,Final,259584.0,1178.0,260762.0,MT
Soybeans (SAGIS),2024,11,2024-05-10,Final,200044.0,2373.0,202417.0,MT
Soybeans (SAGIS),2024,12,2024-05-17,Final,112849.0,712.0,113561.0,MT
Soybeans (SAGIS),2024,13,2024-05-24,Final,71766.0,825.0,72591.0,MT
Soybeans (SAGIS),2024,14,2024-05-31,Final,39989.0,7956.0,47945.0,MT
Soybeans (SAGIS),2024,15,2024-06-07,Final,28501.0,1431.0,29932.0,MT
Soybeans (SAGIS),2024,16,2024-06-14,Final,23341.0,-879.0,22462.0,MT
Soybeans (SAGIS),2024,17,2024-06-21,Final,11455.0,1070.0,12525.0,MT
Soybeans (SAGIS),2024,18,2024-06-28,Final,7972.0,3499.0,11471.0,MT
Soybeans (SAGIS),2024,19,2024-07-05,Final,6650.0,-318.0,6332.0,MT
Soybeans (SAGIS),2024,20,2024-07-12,Final,5688.0,-311.0,5377.0,MT
Soybeans (SAGIS),2024,21,2024-07-19,Final,4612.0,-22.0,4590.0,MT
Soybeans (SAGIS),2024,22,2024-07-26,Final,3076.0,622.0,3698.0,MT
Soybeans (SAGIS),2024,23,2024-08-02,Final,5574.0,957.0,6531.0,MT
Soybeans (SAGIS),2024,24,2024-08-09,Final,2591.0,433.0,3024.0,MT
Soybeans (SAGIS),2024,25,2024-08-16,Final,2661.0,1043.0,3704.0,MT
Soybeans (SAGIS),2024,26,2024-08-23,Final,3839.0,45.0,3884.0,MT
Soybeans (SAGIS),2024,27,2024-08-30,Final,4584.0,3790.0,8374.0,MT
Soybeans (SAGIS),2024,28,2024-09-06,Final,3770.0,592.0,4362.0,MT
Soybeans (SAGIS),2024,29,2024-09-13,Final,3944.0,942.0,4886.0,MT
Soybeans (SAGIS),2024,30,2024-09-20,Final,4158.0,821.0,4979.0,MT
Soybeans (SAGIS),2024,31,2024-09-27,Final,2875.0,4009.0,6884.0,MT
Soybeans (SAGIS),2024,32,2024-10-04,Final,3530.0,1942.0,5472.0,MT
Soybeans (SAGIS),2024,33,2024-10-11,Final,3908.0,575.0,4483.0,MT
Soybeans (SAGIS),2024,34,2024-10-18,Final,3713.0,-555.0,3158.0,MT
Soybeans (SAGIS),2024,35,2024-10-25,Final,3424.0,1482.0,4906.0,MT
Soybeans (SAGIS),2024,36,2024-11-01,Final,1244.0,750.0,1994.0,MT
Soybeans (SAGIS),2024,37,2024-11-08,Final,1457.0,1814.0,3271.0,MT
Soybeans (SAGIS),2024,38,2024-11-15,Final,3197.0,732.0,3929.0,MT
Soybeans (SAGIS),2024,39,2024-11-22,Final,3357.0,428.0,3785.0,MT
Soybeans (SAGIS),2024,40,2024-11-29,Final,3211.0,-80.0,3131.0,MT
Soybeans (SAGIS),2024,41,2024-12-06,Final,2540.0,-109.0,2431.0,MT
Soybeans (SAGIS),2024,42,2024-12-13,Final,3660.0,-257.0,3403.0,MT
Soybeans (SAGIS),2024,43,2024-12-20,Final,1741.0,332.0,2073.0,MT
Soybeans (SAGIS),2024,44,2024-12-27,Final,221.0,276.0,497.0,MT
Soybeans (SAGIS),2024,45,2025-01-03,Final,224.0,-59.0,165.0,MT
Soybeans (SAGIS),2024,46,2025-01-10,Final,2062.0,365.0,2427.0,MT
Soybeans (SAGIS),2024,47,2025-01-17,Final,3855.0,-65.0,3790.0,MT
Soybeans (SAGIS),2024,48,2025-01-24,Final,3445.0,1870.0,5315.0,MT
Soybeans (SAGIS),2024,49,2025-01-31,Final,2024.0,499.0,2523.0,MT
Soybeans (SAGIS),2024,50,2025-02-07,Final,1834.0,55.0,1889.0,MT
Soybeans (SAGIS),2024,51,2025-02-14,Final,2335.0,-316.0,2019.0,MT
Soybeans (SAGIS),2024,52,2025-02-21,Final,791.0,-106.0,685.0,MT
Soybeans (SAGIS),2024,53,2025-02-28,Final,1440.0,122.0,1562.0,MT
Soybeans (SAGIS),2025,1,2025-03-07,Final,1158.0,180.0,1338.0,MT
Soybeans (SAGIS),2025,2,2025-03-14,Final,4911.0,1807.0,6718.0,MT
Soybeans (SAGIS),2025,3,2025-03-21,Final,5757.0,1081.0,6838.0,MT
Soybeans (SAGIS),2025,4,2025-03-28,Final,42733.0,4057.0,46790.0,MT
Soybeans (SAGIS),2025,5,2025-04-04,Final,30177.0,782.0,30959.0,MT
Soybeans (SAGIS),2025,6,2025-04-11,Final,22233.0,3258.0,25491.0,MT
Soybeans (SAGIS),2025,7,2025-04-18,Final,126741.0,8318.0,135059.0,MT
Soybeans (SAGIS),2025,8,2025-04-25,Final,89662.0,11556.0,101218.0,MT
Soybeans (SAGIS),2025,9,2025-05-02,Final,193768.0,3721.0,197489.0,MT
Soybeans (SAGIS),2025,10,2025-05-09,Final,438352.0,1188.0,439540.0,MT
Soybeans (SAGIS),2025,11,2025-05-16,Final,530509.0,10971.0,541480.0,MT
Soybeans (SAGIS),2025,12,2025-05-23,Final,405536.0,2437.0,407973.0,MT
Soybeans (SAGIS),2025,13,2025-05-30,Final,265003.0,12443.0,277446.0,MT
Soybeans (SAGIS),2025,14,2025-06-06,Final,142843.0,5234.0,148077.0,MT
Soybeans (SAGIS),2025,15,2025-06-13,Final,58169.0,8380.0,66549.0,MT
Soybeans (SAGIS),2025,16,2025-06-20,Final,39477.0,7563.0,47040.0,MT
Soybeans (SAGIS),2025,17,2025-06-27,Final,29766.0,6918.0,36684.0,MT
Soybeans (SAGIS),2025,18,2025-07-04,Final,18615.0,983.0,19598.0,MT
Soybeans (SAGIS),2025,19,2025-07-11,Final,18777.0,2639.0,21416.0,MT
Soybeans (SAGIS),2025,20,2025-07-18,Final,16860.0,-141.0,16719.0,MT
Soybeans (SAGIS),2025,21,2025-07-25,Final,11923.0,1693.0,13616.0,MT
Soybeans (SAGIS),2025,22,2025-08-01,Final,10199.0,-1121.0,9078.0,MT
Soybeans (SAGIS),2025,23,2025-08-08,Final,10034.0,-859.0,9175.0,MT
Soybeans (SAGIS),2025,24,2025-08-15,Final,7864.0,31.0,7895.0,MT
Soybeans (SAGIS),2025,25,2025-08-22,Final,7306.0,-209.0,7097.0,MT
Soybeans (SAGIS),2025,26,2025-08-29,Final,4857.0,1151.0,6008.0,MT
Soybeans (SAGIS),2025,27,2025-09-05,Final,7856.0,519.0,8375.0,MT
Soybeans (SAGIS),2025,28,2025-09-12,Final,7716.0,1270.0,8986.0,MT
Soybeans (SAGIS),2025,29,2025-09-19,Final,6605.0,1332.0,7937.0,MT
Soybeans (SAGIS),2025,30,2025-09-26,Final,5487.0,1467.0,6954.0,MT
Soybeans (SAGIS),2025,31,2025-10-03,Final,2984.0,-154.0,2830.0,MT
Soybeans (SAGIS),2025,32,2025-10-10,Final,1606.0,511.0,2117.0,MT
Soybeans (SAGIS),2025,33,2025-10-17,Final,2618.0,537.0,3155.0,MT
Soybeans (SAGIS),2025,34,2025-10-24,Final,3554.0,238.0,3792.0,MT
Soybeans (SAGIS),2025,35,2025-10-31,Final,6101.0,346.0,6447.0,MT
Soybeans (SAGIS),2025,36,2025-11-07,Final,4240.0,497.0,4737.0,MT
Soybeans (SAGIS),2025,37,2025-11-14,Final,5101.0,1388.0,6489.0,MT
Soybeans (SAGIS),2025,38,2025-11-21,Final,3569.0,344.0,3913.0,MT
Soybeans (SAGIS),2025,39,2025-11-28,Final,3130.0,774.0,3904.0,MT
Soybeans (SAGIS),2025,40,2025-12-05,Final,4078.0,161.0,4239.0,MT
Soybeans (SAGIS),2025,41,2025-12-12,Final,3953.0,761.0,4714.0,MT
Soybeans (SAGIS),2025,42,2025-12-19,Final,2696.0,47.0,2743.0,MT
Soybeans (SAGIS),2025,43,2025-12-26,Final,813.0,173.0,986.0,MT
Soybeans (SAGIS),2025,44,2026-01-02,Final,374.0,122.0,496.0,MT
Soybeans (SAGIS),2025,45,2026-01-09,Final,2249.0,451.0,2700.0,MT
Soybeans (SAGIS),2025,46,2026-01-16,Final,5121.0,-824.0,4297.0,MT
Soybeans (SAGIS),2025,47,2026-01-23,Final,9258.0,34.0,9292.0,MT
Soybeans (SAGIS),2025,48,2026-01-30,Final,6442.0,-978.0,5464.0,MT
Soybeans (SAGIS),2025,49,2026-02-06,Final,4853.0,-1104.0,3749.0,MT
Soybeans (SAGIS),2025,50,2026-02-13,Final,5603.0,-541.0,5062.0,MT
Soybeans (SAGIS),2025,51,2026-02-20,Final,4627.0,-214.0,4413.0,MT
Soybeans (SAGIS),2025,52,2026-02-27,Final,3477.0,763.0,4240.0,MT
Soybeans (SAGIS),2026,1,2026-03-06,Active,3350.0,-666.0,2684.0,MT
Soybeans (SAGIS),2026,2,2026-03-13,Active,12723.0,372.0,13095.0,MT
Soybeans (SAGIS),2026,3,2026-03-20,Active,20480.0,1526.0,22006.0,MT
Soybeans (SAGIS),2026,4,2026-03-27,Active,14216.0,1821.0,16037.0,MT
Soybeans (SAGIS),2026,5,2026-04-03,Active,58007.0,5603.0,63610.0,MT
Soybeans (SAGIS),2026,6,2026-04-10,Active,134411.0,13879.0,148290.0,MT
Soybeans (SAGIS),2026,7,2026-04-17,Active,99724.0,-1250.0,98474.0,MT
Soybeans (SAGIS),2026,8,2026-04-24,Active,64774.0,11131.0,75905.0,MT
Soybeans (SAGIS),2026,9,2026-05-01,Active,137672.0,5570.0,143242.0,MT
Soybeans (SAGIS),2026,10,2026-05-08,Active,154371.0,687.0,155058.0,MT
Soybeans (SAGIS),2026,11,2026-05-15,Active,588453.0,11507.0,599960.0,MT
Soybeans (SAGIS),2026,12,2026-05-22,Active,561432.0,9095.0,570527.0,MT
Soybeans (SAGIS),2026,13,2026-05-29,Active,370449.0,25426.0,395875.0,MT
Soybeans (SAGIS),2026,14,2026-06-05,Active,189233.0,8006.0,197239.0,MT
Soybeans (SAGIS),2026,15,2026-06-12,Active,96365.0,2837.0,99202.0,MT
Soybeans (SAGIS),2026,16,2026-06-19,Active,62064.0,-1366.0,60698.0,MT
Soybeans (SAGIS),2026,17,2026-06-26,Active,26534.0,6250.0,32784.0,MT
Soybeans (SAGIS),2026,18,2026-07-03,Active,19714.0,-512.0,19202.0,MT
Soybeans (SAGIS),2026,19,2026-07-10,Active,15115.0,6013.0,21128.0,MT
Soybeans (SAGIS),2026,20,2026-07-17,Active,14395.0,-462.0,13933.0,MT
Soybeans (SAGIS),2026,21,2026-07-24,Active,9792.0,151.0,9943.0,MT
Soybeans (SAGIS),2026,22,2026-07-31,Active,5680.0,5198.0,10878.0,MT
Soybeans (SAGIS),2026,23,2026-08-07,Active,5926.0,107.0,6033.0,MT
Soybeans (SAGIS),2026,24,2026-08-14,Active,4977.0,0.0,4977.0,MT
Soybeans (SAGIS),2026,25,2026-08-21,Active,6836.0,0.0,6836.0,MT
Soybeans (SAGIS),2026,26,2026-08-28,Active,5698.0,0.0,5698.0,MT
Sunflower Seed (SAGIS),2018,1,2018-03-02,Final,0.0,0.0,0.0,MT
Sunflower Seed (SAGIS),2018,2,2018-03-09,Final,0.0,0.0,0.0,MT
Sunflower Seed (SAGIS),2018,3,2018-03-16,Final,0.0,0.0,0.0,MT
Sunflower Seed (SAGIS),2018,4,2018-03-23,Final,0.0,0.0,0.0,MT
Sunflower Seed (SAGIS),2018,5,2018-03-30,Final,9243.0,370.0,9613.0,MT
Sunflower Seed (SAGIS),2018,6,2018-04-06,Final,0.0,0.0,0.0,MT
Sunflower Seed (SAGIS),2018,7,2018-04-13,Final,0.0,0.0,0.0,MT
Sunflower Seed (SAGIS),2018,8,2018-04-20,Final,0.0,0.0,0.0,MT
Sunflower Seed (SAGIS),2018,9,2018-04-27,Final,109543.0,134.0,109677.0,MT
Sunflower Seed (SAGIS),2018,10,2018-05-04,Final,0.0,0.0,0.0,MT
Sunflower Seed (SAGIS),2018,11,2018-05-11,Final,0.0,0.0,0.0,MT
Sunflower Seed (SAGIS),2018,12,2018-05-18,Final,0.0,0.0,0.0,MT
Sunflower Seed (SAGIS),2018,13,2018-05-25,Final,206928.0,24223.0,231151.0,MT
Sunflower Seed (SAGIS),2018,14,2018-06-01,Final,2476.0,0.0,2476.0,MT
Sunflower Seed (SAGIS),2018,15,2018-06-08,Final,39417.0,-181.0,39236.0,MT
Sunflower Seed (SAGIS),2018,16,2018-06-15,Final,43972.0,1438.0,45410.0,MT
Sunflower Seed (SAGIS),2018,17,2018-06-22,Final,50907.0,4203.0,55110.0,MT
Sunflower Seed (SAGIS),2018,18,2018-06-29,Final,71729.0,36235.0,107964.0,MT
Sunflower Seed (SAGIS),2018,19,2018-07-06,Final,75033.0,-3232.0,71801.0,MT
Sunflower Seed (SAGIS),2018,20,2018-07-13,Final,49667.0,0.0,49667.0,MT
Sunflower Seed (SAGIS),2018,21,2018-07-20,Final,35087.0,0.0,35087.0,MT
Sunflower Seed (SAGIS),2018,22,2018-07-27,Final,25465.0,32686.0,58151.0,MT
Sunflower Seed (SAGIS),2018,23,2018-08-03,Final,8684.0,-2712.0,5972.0,MT
Sunflower Seed (SAGIS),2018,24,2018-08-10,Final,8246.0,0.0,8246.0,MT
Sunflower Seed (SAGIS),2018,25,2018-08-17,Final,5015.0,0.0,5015.0,MT
Sunflower Seed (SAGIS),2018,26,2018-08-24,Final,3065.0,0.0,3065.0,MT
Sunflower Seed (SAGIS),2018,27,2018-08-31,Final,2293.0,8886.0,11179.0,MT
Sunflower Seed (SAGIS),2018,28,2018-09-07,Final,761.0,0.0,761.0,MT
Sunflower Seed (SAGIS),2018,29,2018-09-14,Final,465.0,0.0,465.0,MT
Sunflower Seed (SAGIS),2018,30,2018-09-21,Final,374.0,0.0,374.0,MT
Sunflower Seed (SAGIS),2018,31,2018-09-28,Final,155.0,3480.0,3635.0,MT
Sunflower Seed (SAGIS),2018,32,2018-10-05,Final,149.0,-126.0,23.0,MT
Sunflower Seed (SAGIS),2018,33,2018-10-12,Final,159.0,0.0,159.0,MT
Sunflower Seed (SAGIS),2018,34,2018-10-19,Final,510.0,0.0,510.0,MT
Sunflower Seed (SAGIS),2018,35,2018-10-26,Final,240.0,1141.0,1381.0,MT
Sunflower Seed (SAGIS),2018,36,2018-11-02,Final,62.0,-42.0,20.0,MT
Sunflower Seed (SAGIS),2018,37,2018-11-09,Final,100.0,0.0,100.0,MT
Sunflower Seed (SAGIS),2018,38,2018-11-16,Final,88.0,0.0,88.0,MT
Sunflower Seed (SAGIS),2018,39,2018-11-23,Final,78.0,0.0,78.0,MT
Sunflower Seed (SAGIS),2018,40,2018-11-30,Final,223.0,2026.0,2249.0,MT
Sunflower Seed (SAGIS),2018,41,2018-12-07,Final,150.0,0.0,150.0,MT
Sunflower Seed (SAGIS),2018,42,2018-12-14,Final,105.0,0.0,105.0,MT
Sunflower Seed (SAGIS),2018,43,2018-12-21,Final,5.0,0.0,5.0,MT
Sunflower Seed (SAGIS),2018,44,2018-12-28,Final,6.0,449.0,455.0,MT
Sunflower Seed (SAGIS),2018,45,2019-01-04,Final,1.0,0.0,1.0,MT
Sunflower Seed (SAGIS),2018,46,2019-01-11,Final,25.0,-22.0,3.0,MT
Sunflower Seed (SAGIS),2018,47,2019-01-18,Final,82.0,0.0,82.0,MT
Sunflower Seed (SAGIS),2018,48,2019-01-25,Final,305.0,2426.0,2731.0,MT
Sunflower Seed (SAGIS),2018,49,2019-02-01,Final,206.0,-181.0,25.0,MT
Sunflower Seed (SAGIS),2018,50,2019-02-08,Final,88.0,0.0,88.0,MT
Sunflower Seed (SAGIS),2018,51,2019-02-15,Final,86.0,0.0,86.0,MT
Sunflower Seed (SAGIS),2018,52,2019-02-22,Final,185.0,605.0,790.0,MT
Sunflower Seed (SAGIS),2019,1,2019-03-01,Final,759.0,-89.0,670.0,MT
Sunflower Seed (SAGIS),2019,2,2019-03-08,Final,1216.0,13.0,1229.0,MT
Sunflower Seed (SAGIS),2019,3,2019-03-15,Final,862.0,70.0,932.0,MT
Sunflower Seed (SAGIS),2019,4,2019-03-22,Final,763.0,162.0,925.0,MT
Sunflower Seed (SAGIS),2019,5,2019-03-29,Final,957.0,1282.0,2239.0,MT
Sunflower Seed (SAGIS),2019,6,2019-04-05,Final,1907.0,-794.0,1113.0,MT
Sunflower Seed (SAGIS),2019,7,2019-04-12,Final,1393.0,30.0,1423.0,MT
Sunflower Seed (SAGIS),2019,8,2019-04-19,Final,5755.0,337.0,6092.0,MT
Sunflower Seed (SAGIS),2019,9,2019-04-26,Final,2032.0,8049.0,10081.0,MT
Sunflower Seed (SAGIS),2019,10,2019-05-03,Final,12701.0,-2675.0,10026.0,MT
Sunflower Seed (SAGIS),2019,11,2019-05-10,Final,17240.0,340.0,17580.0,MT
Sunflower Seed (SAGIS),2019,12,2019-05-17,Final,24711.0,213.0,24924.0,MT
Sunflower Seed (SAGIS),2019,13,2019-05-24,Final,40986.0,260.0,41246.0,MT
Sunflower Seed (SAGIS),2019,14,2019-05-31,Final,51829.0,21178.0,73007.0,MT
Sunflower Seed (SAGIS),2019,15,2019-06-07,Final,54667.0,1464.0,56131.0,MT
Sunflower Seed (SAGIS),2019,16,2019-06-14,Final,52620.0,531.0,53151.0,MT
Sunflower Seed (SAGIS),2019,17,2019-06-21,Final,41575.0,1562.0,43137.0,MT
Sunflower Seed (SAGIS),2019,18,2019-06-28,Final,48678.0,34426.0,83104.0,MT
Sunflower Seed (SAGIS),2019,19,2019-07-05,Final,60559.0,-1438.0,59121.0,MT
Sunflower Seed (SAGIS),2019,20,2019-07-12,Final,63782.0,0.0,63782.0,MT
Sunflower Seed (SAGIS),2019,21,2019-07-19,Final,37323.0,0.0,37323.0,MT
Sunflower Seed (SAGIS),2019,22,2019-07-26,Final,16649.0,49854.0,66503.0,MT
Sunflower Seed (SAGIS),2019,23,2019-08-02,Final,3938.0,-2815.0,1123.0,MT
Sunflower Seed (SAGIS),2019,24,2019-08-09,Final,3029.0,-312.0,2717.0,MT
Sunflower Seed (SAGIS),2019,25,2019-08-16,Final,1858.0,0.0,1858.0,MT
Sunflower Seed (SAGIS),2019,26,2019-08-23,Final,1924.0,0.0,1924.0,MT
Sunflower Seed (SAGIS),2019,27,2019-08-30,Final,2685.0,3864.0,6549.0,MT
Sunflower Seed (SAGIS),2019,28,2019-09-06,Final,717.0,-441.0,276.0,MT
Sunflower Seed (SAGIS),2019,29,2019-09-13,Final,591.0,0.0,591.0,MT
Sunflower Seed (SAGIS),2019,30,2019-09-20,Final,195.0,0.0,195.0,MT
Sunflower Seed (SAGIS),2019,31,2019-09-27,Final,119.0,1565.0,1684.0,MT
Sunflower Seed (SAGIS),2019,32,2019-10-04,Final,63.0,-3.0,60.0,MT
Sunflower Seed (SAGIS),2019,33,2019-10-11,Final,477.0,0.0,477.0,MT
Sunflower Seed (SAGIS),2019,34,2019-10-18,Final,352.0,0.0,352.0,MT
Sunflower Seed (SAGIS),2019,35,2019-10-25,Final,261.0,1307.0,1568.0,MT
Sunflower Seed (SAGIS),2019,36,2019-11-01,Final,143.0,-133.0,10.0,MT
Sunflower Seed (SAGIS),2019,37,2019-11-08,Final,74.0,0.0,74.0,MT
Sunflower Seed (SAGIS),2019,38,2019-11-15,Final,25.0,0.0,25.0,MT
Sunflower Seed (SAGIS),2019,39,2019-11-22,Final,88.0,0.0,88.0,MT
Sunflower Seed (SAGIS),2019,40,2019-11-29,Final,345.0,295.0,640.0,MT
Sunflower Seed (SAGIS),2019,41,2019-12-06,Final,280.0,-1.0,279.0,MT
Sunflower Seed (SAGIS),2019,42,2019-12-13,Final,139.0,0.0,139.0,MT
Sunflower Seed (SAGIS),2019,43,2019-12-20,Final,46.0,0.0,46.0,MT
Sunflower Seed (SAGIS),2019,44,2019-12-27,Final,79.0,-87.0,-8.0,MT
Sunflower Seed (SAGIS),2019,45,2020-01-03,Final,84.0,0.0,84.0,MT
Sunflower Seed (SAGIS),2019,46,2020-01-10,Final,127.0,0.0,127.0,MT
Sunflower Seed (SAGIS),2019,47,2020-01-17,Final,117.0,0.0,117.0,MT
Sunflower Seed (SAGIS),2019,48,2020-01-24,Final,31.0,0.0,31.0,MT
Sunflower Seed (SAGIS),2019,49,2020-01-31,Final,231.0,2066.0,2297.0,MT
Sunflower Seed (SAGIS),2019,50,2020-02-07,Final,192.0,0.0,192.0,MT
Sunflower Seed (SAGIS),2019,51,2020-02-14,Final,30.0,0.0,30.0,MT
Sunflower Seed (SAGIS),2019,52,2020-02-21,Final,178.0,0.0,178.0,MT
Sunflower Seed (SAGIS),2019,53,2020-02-28,Final,33.0,179.0,212.0,MT
Sunflower Seed (SAGIS),2020,1,2020-03-06,Final,134.0,-100.0,34.0,MT
Sunflower Seed (SAGIS),2020,2,2020-03-13,Final,558.0,0.0,558.0,MT
Sunflower Seed (SAGIS),2020,3,2020-03-20,Final,434.0,0.0,434.0,MT
Sunflower Seed (SAGIS),2020,4,2020-03-27,Final,3031.0,4079.0,7110.0,MT
Sunflower Seed (SAGIS),2020,5,2020-04-03,Final,4200.0,-2604.0,1596.0,MT
Sunflower Seed (SAGIS),2020,6,2020-04-10,Final,8058.0,0.0,8058.0,MT
Sunflower Seed (SAGIS),2020,7,2020-04-17,Final,7353.0,0.0,7353.0,MT
Sunflower Seed (SAGIS),2020,8,2020-04-24,Final,27491.0,21155.0,48646.0,MT
Sunflower Seed (SAGIS),2020,9,2020-05-01,Final,3180.0,-2160.0,1020.0,MT
Sunflower Seed (SAGIS),2020,10,2020-05-08,Final,65843.0,0.0,65843.0,MT
Sunflower Seed (SAGIS),2020,11,2020-05-15,Final,70700.0,0.0,70700.0,MT
Sunflower Seed (SAGIS),2020,12,2020-05-22,Final,65686.0,0.0,65686.0,MT
Sunflower Seed (SAGIS),2020,13,2020-05-29,Final,60066.0,44482.0,104548.0,MT
Sunflower Seed (SAGIS),2020,14,2020-06-05,Final,71181.0,-4622.0,66559.0,MT
Sunflower Seed (SAGIS),2020,15,2020-06-12,Final,67959.0,6808.0,74767.0,MT
Sunflower Seed (SAGIS),2020,16,2020-06-19,Final,41096.0,0.0,41096.0,MT
Sunflower Seed (SAGIS),2020,17,2020-06-26,Final,48485.0,66023.0,114508.0,MT
Sunflower Seed (SAGIS),2020,18,2020-07-03,Final,25810.0,-8703.0,17107.0,MT
Sunflower Seed (SAGIS),2020,19,2020-07-10,Final,22591.0,926.0,23517.0,MT
Sunflower Seed (SAGIS),2020,20,2020-07-17,Final,11134.0,231.0,11365.0,MT
Sunflower Seed (SAGIS),2020,21,2020-07-24,Final,4720.0,0.0,4720.0,MT
Sunflower Seed (SAGIS),2020,22,2020-07-31,Final,6801.0,30761.0,37562.0,MT
Sunflower Seed (SAGIS),2020,23,2020-08-07,Final,714.0,0.0,714.0,MT
Sunflower Seed (SAGIS),2020,24,2020-08-14,Final,508.0,0.0,508.0,MT
Sunflower Seed (SAGIS),2020,25,2020-08-21,Final,484.0,0.0,484.0,MT
Sunflower Seed (SAGIS),2020,26,2020-08-28,Final,1391.0,1113.0,2504.0,MT
Sunflower Seed (SAGIS),2020,27,2020-09-04,Final,85.0,-33.0,52.0,MT
Sunflower Seed (SAGIS),2020,28,2020-09-11,Final,415.0,0.0,415.0,MT
Sunflower Seed (SAGIS),2020,29,2020-09-18,Final,473.0,0.0,473.0,MT
Sunflower Seed (SAGIS),2020,30,2020-09-25,Final,249.0,1763.0,2012.0,MT
Sunflower Seed (SAGIS),2020,31,2020-10-02,Final,147.0,-135.0,12.0,MT
Sunflower Seed (SAGIS),2020,32,2020-10-09,Final,92.0,0.0,92.0,MT
Sunflower Seed (SAGIS),2020,33,2020-10-16,Final,21.0,1.0,22.0,MT
Sunflower Seed (SAGIS),2020,34,2020-10-23,Final,52.0,0.0,52.0,MT
Sunflower Seed (SAGIS),2020,35,2020-10-30,Final,283.0,114.0,397.0,MT
Sunflower Seed (SAGIS),2020,36,2020-11-06,Final,349.0,-48.0,301.0,MT
Sunflower Seed (SAGIS),2020,37,2020-11-13,Final,323.0,0.0,323.0,MT
Sunflower Seed (SAGIS),2020,38,2020-11-20,Final,382.0,0.0,382.0,MT
Sunflower Seed (SAGIS),2020,39,2020-11-27,Final,421.0,1168.0,1589.0,MT
Sunflower Seed (SAGIS),2020,40,2020-12-04,Final,229.0,-88.0,141.0,MT
Sunflower Seed (SAGIS),2020,41,2020-12-11,Final,214.0,0.0,214.0,MT
Sunflower Seed (SAGIS),2020,42,2020-12-18,Final,182.0,0.0,182.0,MT
Sunflower Seed (SAGIS),2020,43,2020-12-25,Final,14.0,441.0,455.0,MT
Sunflower Seed (SAGIS),2020,44,2021-01-01,Final,69.0,-38.0,31.0,MT
Sunflower Seed (SAGIS),2020,45,2021-01-08,Final,64.0,0.0,64.0,MT
Sunflower Seed (SAGIS),2020,46,2021-01-15,Final,72.0,0.0,72.0,MT
Sunflower Seed (SAGIS),2020,47,2021-01-22,Final,233.0,0.0,233.0,MT
Sunflower Seed (SAGIS),2020,48,2021-01-29,Final,239.0,-262.0,-23.0,MT
Sunflower Seed (SAGIS),2020,49,2021-02-05,Final,57.0,0.0,57.0,MT
Sunflower Seed (SAGIS),2020,50,2021-02-12,Final,204.0,0.0,204.0,MT
Sunflower Seed (SAGIS),2020,51,2021-02-19,Final,449.0,0.0,449.0,MT
Sunflower Seed (SAGIS),2020,52,2021-02-26,Final,202.0,167.0,369.0,MT
Sunflower Seed (SAGIS),2021,1,2021-03-05,Final,1741.0,-59.0,1682.0,MT
Sunflower Seed (SAGIS),2021,2,2021-03-12,Final,7592.0,0.0,7592.0,MT
Sunflower Seed (SAGIS),2021,3,2021-03-19,Final,7821.0,0.0,7821.0,MT
Sunflower Seed (SAGIS),2021,4,2021-03-26,Final,5124.0,27058.0,32182.0,MT
Sunflower Seed (SAGIS),2021,5,2021-04-02,Final,3470.0,-1421.0,2049.0,MT
Sunflower Seed (SAGIS),2021,6,2021-04-09,Final,27316.0,5.0,27321.0,MT
Sunflower Seed (SAGIS),2021,7,2021-04-16,Final,47694.0,0.0,47694.0,MT
Sunflower Seed (SAGIS),2021,8,2021-04-23,Final,44004.0,0.0,44004.0,MT
Sunflower Seed (SAGIS),2021,9,2021-04-30,Final,39086.0,55724.0,94810.0,MT
Sunflower Seed (SAGIS),2021,10,2021-05-07,Final,32336.0,0.0,32336.0,MT
Sunflower Seed (SAGIS),2021,11,2021-05-14,Final,45518.0,0.0,45518.0,MT
Sunflower Seed (SAGIS),2021,12,2021-05-21,Final,31977.0,0.0,31977.0,MT
Sunflower Seed (SAGIS),2021,13,2021-05-28,Final,22085.0,50646.0,72731.0,MT
Sunflower Seed (SAGIS),2021,14,2021-06-04,Final,14879.0,-1529.0,13350.0,MT
Sunflower Seed (SAGIS),2021,15,2021-06-11,Final,11579.0,0.0,11579.0,MT
Sunflower Seed (SAGIS),2021,16,2021-06-18,Final,23383.0,0.0,23383.0,MT
Sunflower Seed (SAGIS),2021,17,2021-06-25,Final,29842.0,61051.0,90893.0,MT
Sunflower Seed (SAGIS),2021,18,2021-07-02,Final,10594.0,-6544.0,4050.0,MT
Sunflower Seed (SAGIS),2021,19,2021-07-09,Final,17621.0,0.0,17621.0,MT
Sunflower Seed (SAGIS),2021,20,2021-07-16,Final,11543.0,0.0,11543.0,MT
Sunflower Seed (SAGIS),2021,21,2021-07-23,Final,7059.0,0.0,7059.0,MT
Sunflower Seed (SAGIS),2021,22,2021-07-30,Final,7495.0,22968.0,30463.0,MT
Sunflower Seed (SAGIS),2021,23,2021-08-06,Final,2913.0,0.0,2913.0,MT
Sunflower Seed (SAGIS),2021,24,2021-08-13,Final,1610.0,0.0,1610.0,MT
Sunflower Seed (SAGIS),2021,25,2021-08-20,Final,952.0,0.0,952.0,MT
Sunflower Seed (SAGIS),2021,26,2021-08-27,Final,236.0,3567.0,3803.0,MT
Sunflower Seed (SAGIS),2021,27,2021-09-03,Final,253.0,-134.0,119.0,MT
Sunflower Seed (SAGIS),2021,28,2021-09-10,Final,378.0,0.0,378.0,MT
Sunflower Seed (SAGIS),2021,29,2021-09-17,Final,366.0,0.0,366.0,MT
Sunflower Seed (SAGIS),2021,30,2021-09-24,Final,334.0,1918.0,2252.0,MT
Sunflower Seed (SAGIS),2021,31,2021-10-01,Final,104.0,-54.0,50.0,MT
Sunflower Seed (SAGIS),2021,32,2021-10-08,Final,110.0,239.0,349.0,MT
Sunflower Seed (SAGIS),2021,33,2021-10-15,Final,228.0,0.0,228.0,MT
Sunflower Seed (SAGIS),2021,34,2021-10-22,Final,37.0,0.0,37.0,MT
Sunflower Seed (SAGIS),2021,35,2021-10-29,Final,198.0,1976.0,2174.0,MT
Sunflower Seed (SAGIS),2021,36,2021-11-05,Final,93.0,-28.0,65.0,MT
Sunflower Seed (SAGIS),2021,37,2021-11-12,Final,286.0,0.0,286.0,MT
Sunflower Seed (SAGIS),2021,38,2021-11-19,Final,65.0,0.0,65.0,MT
Sunflower Seed (SAGIS),2021,39,2021-11-26,Final,14.0,1566.0,1580.0,MT
Sunflower Seed (SAGIS),2021,40,2021-12-03,Final,36.0,0.0,36.0,MT
Sunflower Seed (SAGIS),2021,41,2021-12-10,Final,197.0,0.0,197.0,MT
Sunflower Seed (SAGIS),2021,42,2021-12-17,Final,24.0,0.0,24.0,MT
Sunflower Seed (SAGIS),2021,43,2021-12-24,Final,33.0,0.0,33.0,MT
Sunflower Seed (SAGIS),2021,44,2021-12-31,Final,2.0,210.0,212.0,MT
Sunflower Seed (SAGIS),2021,45,2022-01-07,Final,4.0,0.0,4.0,MT
Sunflower Seed (SAGIS),2021,46,2022-01-14,Final,9.0,0.0,9.0,MT
Sunflower Seed (SAGIS),2021,47,2022-01-21,Final,0.0,0.0,0.0,MT
Sunflower Seed (SAGIS),2021,48,2022-01-28,Final,27.0,984.0,1011.0,MT
Sunflower Seed (SAGIS),2021,49,2022-02-04,Final,434.0,-12.0,422.0,MT
Sunflower Seed (SAGIS),2021,50,2022-02-11,Final,2291.0,0.0,2291.0,MT
Sunflower Seed (SAGIS),2021,51,2022-02-18,Final,3211.0,0.0,3211.0,MT
Sunflower Seed (SAGIS),2021,52,2022-02-25,Final,4537.0,2211.0,6748.0,MT
Sunflower Seed (SAGIS),2022,1,2022-03-04,Final,3081.0,-533.0,2548.0,MT
Sunflower Seed (SAGIS),2022,2,2022-03-11,Final,1067.0,-25.0,1042.0,MT
Sunflower Seed (SAGIS),2022,3,2022-03-18,Final,7405.0,0.0,7405.0,MT
Sunflower Seed (SAGIS),2022,4,2022-03-25,Final,53154.0,0.0,53154.0,MT
Sunflower Seed (SAGIS),2022,5,2022-04-01,Final,3286.0,0.0,3286.0,MT
Sunflower Seed (SAGIS),2022,6,2022-04-08,Final,20183.0,0.0,20183.0,MT
Sunflower Seed (SAGIS),2022,7,2022-04-15,Final,10241.0,0.0,10241.0,MT
Sunflower Seed (SAGIS),2022,8,2022-04-22,Final,26463.0,0.0,26463.0,MT
Sunflower Seed (SAGIS),2022,9,2022-04-29,Final,86517.0,158.0,86675.0,MT
Sunflower Seed (SAGIS),2022,10,2022-05-06,Final,44578.0,0.0,44578.0,MT
Sunflower Seed (SAGIS),2022,11,2022-05-13,Final,50184.0,0.0,50184.0,MT
Sunflower Seed (SAGIS),2022,12,2022-05-20,Final,47331.0,0.0,47331.0,MT
Sunflower Seed (SAGIS),2022,13,2022-05-27,Final,93686.0,26357.0,120043.0,MT
Sunflower Seed (SAGIS),2022,14,2022-06-03,Final,32469.0,6538.0,39007.0,MT
Sunflower Seed (SAGIS),2022,15,2022-06-10,Final,53659.0,13960.0,67619.0,MT
Sunflower Seed (SAGIS),2022,16,2022-06-17,Final,35001.0,15082.0,50083.0,MT
Sunflower Seed (SAGIS),2022,17,2022-06-24,Final,26403.0,11679.0,38082.0,MT
Sunflower Seed (SAGIS),2022,18,2022-07-01,Final,23632.0,9834.0,33466.0,MT
Sunflower Seed (SAGIS),2022,19,2022-07-08,Final,41333.0,812.0,42145.0,MT
Sunflower Seed (SAGIS),2022,20,2022-07-15,Final,32994.0,1128.0,34122.0,MT
Sunflower Seed (SAGIS),2022,21,2022-07-22,Final,17651.0,-204.0,17447.0,MT
Sunflower Seed (SAGIS),2022,22,2022-07-29,Final,11409.0,4316.0,15725.0,MT
Sunflower Seed (SAGIS),2022,23,2022-08-05,Final,5435.0,238.0,5673.0,MT
Sunflower Seed (SAGIS),2022,24,2022-08-12,Final,5594.0,147.0,5741.0,MT
Sunflower Seed (SAGIS),2022,25,2022-08-19,Final,3232.0,-409.0,2823.0,MT
Sunflower Seed (SAGIS),2022,26,2022-08-26,Final,2089.0,-57.0,2032.0,MT
Sunflower Seed (SAGIS),2022,27,2022-09-02,Final,1193.0,148.0,1341.0,MT
Sunflower Seed (SAGIS),2022,28,2022-09-09,Final,1438.0,-30.0,1408.0,MT
Sunflower Seed (SAGIS),2022,29,2022-09-16,Final,1113.0,-55.0,1058.0,MT
Sunflower Seed (SAGIS),2022,30,2022-09-23,Final,1173.0,-190.0,983.0,MT
Sunflower Seed (SAGIS),2022,31,2022-09-30,Final,260.0,400.0,660.0,MT
Sunflower Seed (SAGIS),2022,32,2022-10-07,Final,337.0,17.0,354.0,MT
Sunflower Seed (SAGIS),2022,33,2022-10-14,Final,255.0,210.0,465.0,MT
Sunflower Seed (SAGIS),2022,34,2022-10-21,Final,93.0,214.0,307.0,MT
Sunflower Seed (SAGIS),2022,35,2022-10-28,Final,398.0,175.0,573.0,MT
Sunflower Seed (SAGIS),2022,36,2022-11-04,Final,439.0,411.0,850.0,MT
Sunflower Seed (SAGIS),2022,37,2022-11-11,Final,399.0,165.0,564.0,MT
Sunflower Seed (SAGIS),2022,38,2022-11-18,Final,421.0,36.0,457.0,MT
Sunflower Seed (SAGIS),2022,39,2022-11-25,Final,309.0,103.0,412.0,MT
Sunflower Seed (SAGIS),2022,40,2022-12-02,Final,948.0,0.0,948.0,MT
Sunflower Seed (SAGIS),2022,41,2022-12-09,Final,612.0,-15.0,597.0,MT
Sunflower Seed (SAGIS),2022,42,2022-12-16,Final,235.0,-29.0,206.0,MT
Sunflower Seed (SAGIS),2022,43,2022-12-23,Final,660.0,14.0,674.0,MT
Sunflower Seed (SAGIS),2022,44,2022-12-30,Final,10.0,105.0,115.0,MT
Sunflower Seed (SAGIS),2022,45,2023-01-06,Final,9.0,459.0,468.0,MT
Sunflower Seed (SAGIS),2022,46,2023-01-13,Final,632.0,-30.0,602.0,MT
Sunflower Seed (SAGIS),2022,47,2023-01-20,Final,460.0,0.0,460.0,MT
Sunflower Seed (SAGIS),2022,48,2023-01-27,Final,167.0,120.0,287.0,MT
Sunflower Seed (SAGIS),2022,49,2023-02-03,Final,259.0,-36.0,223.0,MT
Sunflower Seed (SAGIS),2022,50,2023-02-10,Final,98.0,0.0,98.0,MT
Sunflower Seed (SAGIS),2022,51,2023-02-17,Final,277.0,-98.0,179.0,MT
Sunflower Seed (SAGIS),2022,52,2023-02-24,Final,901.0,-504.0,397.0,MT
Sunflower Seed (SAGIS),2023,1,2023-03-03,Final,527.0,-276.0,251.0,MT
Sunflower Seed (SAGIS),2023,2,2023-03-10,Final,1313.0,254.0,1567.0,MT
Sunflower Seed (SAGIS),2023,3,2023-03-17,Final,8251.0,538.0,8789.0,MT
Sunflower Seed (SAGIS),2023,4,2023-03-24,Final,21282.0,-506.0,20776.0,MT
Sunflower Seed (SAGIS),2023,5,2023-03-31,Final,22199.0,-235.0,21964.0,MT
Sunflower Seed (SAGIS),2023,6,2023-04-07,Final,27513.0,4.0,27517.0,MT
Sunflower Seed (SAGIS),2023,7,2023-04-14,Final,48848.0,1282.0,50130.0,MT
Sunflower Seed (SAGIS),2023,8,2023-04-21,Final,78641.0,274.0,78915.0,MT
Sunflower Seed (SAGIS),2023,9,2023-04-28,Final,60617.0,4083.0,64700.0,MT
Sunflower Seed (SAGIS),2023,10,2023-05-05,Final,48246.0,-168.0,48078.0,MT
Sunflower Seed (SAGIS),2023,11,2023-05-12,Final,36094.0,864.0,36958.0,MT
Sunflower Seed (SAGIS),2023,12,2023-05-19,Final,39704.0,1185.0,40889.0,MT
Sunflower Seed (SAGIS),2023,13,2023-05-26,Final,61116.0,-4892.0,56224.0,MT
Sunflower Seed (SAGIS),2023,14,2023-06-02,Final,30242.0,3104.0,33346.0,MT
Sunflower Seed (SAGIS),2023,15,2023-06-09,Final,38153.0,413.0,38566.0,MT
Sunflower Seed (SAGIS),2023,16,2023-06-16,Final,34086.0,-1086.0,33000.0,MT
Sunflower Seed (SAGIS),2023,17,2023-06-23,Final,28674.0,-695.0,27979.0,MT
Sunflower Seed (SAGIS),2023,18,2023-06-30,Final,23395.0,4642.0,28037.0,MT
Sunflower Seed (SAGIS),2023,19,2023-07-07,Final,26566.0,271.0,26837.0,MT
Sunflower Seed (SAGIS),2023,20,2023-07-14,Final,23207.0,-2380.0,20827.0,MT
Sunflower Seed (SAGIS),2023,21,2023-07-21,Final,18070.0,-1170.0,16900.0,MT
Sunflower Seed (SAGIS),2023,22,2023-07-28,Final,12224.0,-1462.0,10762.0,MT
Sunflower Seed (SAGIS),2023,23,2023-08-04,Final,8285.0,-1197.0,7088.0,MT
Sunflower Seed (SAGIS),2023,24,2023-08-11,Final,5017.0,-1104.0,3913.0,MT
Sunflower Seed (SAGIS),2023,25,2023-08-18,Final,4457.0,-1635.0,2822.0,MT
Sunflower Seed (SAGIS),2023,26,2023-08-25,Final,1745.0,-243.0,1502.0,MT
Sunflower Seed (SAGIS),2023,27,2023-09-01,Final,814.0,-51.0,763.0,MT
Sunflower Seed (SAGIS),2023,28,2023-09-08,Final,2261.0,-1769.0,492.0,MT
Sunflower Seed (SAGIS),2023,29,2023-09-15,Final,399.0,-6.0,393.0,MT
Sunflower Seed (SAGIS),2023,30,2023-09-22,Final,631.0,-28.0,603.0,MT
Sunflower Seed (SAGIS),2023,31,2023-09-29,Final,305.0,55.0,360.0,MT
Sunflower Seed (SAGIS),2023,32,2023-10-06,Final,303.0,111.0,414.0,MT
Sunflower Seed (SAGIS),2023,33,2023-10-13,Final,245.0,57.0,302.0,MT
Sunflower Seed (SAGIS),2023,34,2023-10-20,Final,286.0,54.0,340.0,MT
Sunflower Seed (SAGIS),2023,35,2023-10-27,Final,72.0,17.0,89.0,MT
Sunflower Seed (SAGIS),2023,36,2023-11-03,Final,487.0,92.0,579.0,MT
Sunflower Seed (SAGIS),2023,37,2023-11-10,Final,879.0,34.0,913.0,MT
Sunflower Seed (SAGIS),2023,38,2023-11-17,Final,558.0,0.0,558.0,MT
Sunflower Seed (SAGIS),2023,39,2023-11-24,Final,559.0,370.0,929.0,MT
Sunflower Seed (SAGIS),2023,40,2023-12-01,Final,174.0,14.0,188.0,MT
Sunflower Seed (SAGIS),2023,41,2023-12-08,Final,66.0,89.0,155.0,MT
Sunflower Seed (SAGIS),2023,42,2023-12-15,Final,74.0,234.0,308.0,MT
Sunflower Seed (SAGIS),2023,43,2023-12-22,Final,57.0,-52.0,5.0,MT
Sunflower Seed (SAGIS),2023,44,2023-12-29,Final,21.0,92.0,113.0,MT
Sunflower Seed (SAGIS),2023,45,2024-01-05,Final,26.0,0.0,26.0,MT
Sunflower Seed (SAGIS),2023,46,2024-01-12,Final,103.0,0.0,103.0,MT
Sunflower Seed (SAGIS),2023,47,2024-01-19,Final,150.0,0.0,150.0,MT
Sunflower Seed (SAGIS),2023,48,2024-01-26,Final,235.0,18.0,253.0,MT
Sunflower Seed (SAGIS),2023,49,2024-02-02,Final,133.0,0.0,133.0,MT
Sunflower Seed (SAGIS),2023,50,2024-02-09,Final,1940.0,0.0,1940.0,MT
Sunflower Seed (SAGIS),2023,51,2024-02-16,Final,1316.0,-39.0,1277.0,MT
Sunflower Seed (SAGIS),2023,52,2024-02-23,Final,704.0,1325.0,2029.0,MT
Sunflower Seed (SAGIS),2024,1,2024-03-01,Final,2128.0,-1207.0,921.0,MT
Sunflower Seed (SAGIS),2024,2,2024-03-08,Final,8204.0,10.0,8214.0,MT
Sunflower Seed (SAGIS),2024,3,2024-03-15,Final,16754.0,1585.0,18339.0,MT
Sunflower Seed (SAGIS),2024,4,2024-03-22,Final,19016.0,648.0,19664.0,MT
Sunflower Seed (SAGIS),2024,5,2024-03-29,Final,16130.0,302.0,16432.0,MT
Sunflower Seed (SAGIS),2024,6,2024-04-05,Final,15516.0,255.0,15771.0,MT
Sunflower Seed (SAGIS),2024,7,2024-04-12,Final,11083.0,29.0,11112.0,MT
Sunflower Seed (SAGIS),2024,8,2024-04-19,Final,27747.0,197.0,27944.0,MT
Sunflower Seed (SAGIS),2024,9,2024-04-26,Final,35343.0,859.0,36202.0,MT
Sunflower Seed (SAGIS),2024,10,2024-05-03,Final,42238.0,929.0,43167.0,MT
Sunflower Seed (SAGIS),2024,11,2024-05-10,Final,63218.0,1556.0,64774.0,MT
Sunflower Seed (SAGIS),2024,12,2024-05-17,Final,64937.0,3332.0,68269.0,MT
Sunflower Seed (SAGIS),2024,13,2024-05-24,Final,61263.0,3230.0,64493.0,MT
Sunflower Seed (SAGIS),2024,14,2024-05-31,Final,47570.0,-468.0,47102.0,MT
Sunflower Seed (SAGIS),2024,15,2024-06-07,Final,30848.0,2171.0,33019.0,MT
Sunflower Seed (SAGIS),2024,16,2024-06-14,Final,41942.0,69.0,42011.0,MT
Sunflower Seed (SAGIS),2024,17,2024-06-21,Final,32495.0,89.0,32584.0,MT
Sunflower Seed (SAGIS),2024,18,2024-06-28,Final,25606.0,81.0,25687.0,MT
Sunflower Seed (SAGIS),2024,19,2024-07-05,Final,14933.0,-34.0,14899.0,MT
Sunflower Seed (SAGIS),2024,20,2024-07-12,Final,10361.0,248.0,10609.0,MT
Sunflower Seed (SAGIS),2024,21,2024-07-19,Final,5693.0,106.0,5799.0,MT
Sunflower Seed (SAGIS),2024,22,2024-07-26,Final,2767.0,937.0,3704.0,MT
Sunflower Seed (SAGIS),2024,23,2024-08-02,Final,2422.0,0.0,2422.0,MT
Sunflower Seed (SAGIS),2024,24,2024-08-09,Final,2074.0,28.0,2102.0,MT
Sunflower Seed (SAGIS),2024,25,2024-08-16,Final,1403.0,634.0,2037.0,MT
Sunflower Seed (SAGIS),2024,26,2024-08-23,Final,934.0,7.0,941.0,MT
Sunflower Seed (SAGIS),2024,27,2024-08-30,Final,1143.0,10.0,1153.0,MT
Sunflower Seed (SAGIS),2024,28,2024-09-06,Final,619.0,163.0,782.0,MT
Sunflower Seed (SAGIS),2024,29,2024-09-13,Final,695.0,-176.0,519.0,MT
Sunflower Seed (SAGIS),2024,30,2024-09-20,Final,895.0,-383.0,512.0,MT
Sunflower Seed (SAGIS),2024,31,2024-09-27,Final,927.0,-26.0,901.0,MT
Sunflower Seed (SAGIS),2024,32,2024-10-04,Final,695.0,-73.0,622.0,MT
Sunflower Seed (SAGIS),2024,33,2024-10-11,Final,907.0,156.0,1063.0,MT
Sunflower Seed (SAGIS),2024,34,2024-10-18,Final,1217.0,93.0,1310.0,MT
Sunflower Seed (SAGIS),2024,35,2024-10-25,Final,913.0,212.0,1125.0,MT
Sunflower Seed (SAGIS),2024,36,2024-11-01,Final,626.0,262.0,888.0,MT
Sunflower Seed (SAGIS),2024,37,2024-11-08,Final,783.0,208.0,991.0,MT
Sunflower Seed (SAGIS),2024,38,2024-11-15,Final,637.0,0.0,637.0,MT
Sunflower Seed (SAGIS),2024,39,2024-11-22,Final,662.0,2.0,664.0,MT
Sunflower Seed (SAGIS),2024,40,2024-11-29,Final,175.0,22.0,197.0,MT
Sunflower Seed (SAGIS),2024,41,2024-12-06,Final,689.0,1.0,690.0,MT
Sunflower Seed (SAGIS),2024,42,2024-12-13,Final,252.0,-60.0,192.0,MT
Sunflower Seed (SAGIS),2024,43,2024-12-20,Final,30.0,0.0,30.0,MT
Sunflower Seed (SAGIS),2024,44,2024-12-27,Final,5.0,7.0,12.0,MT
Sunflower Seed (SAGIS),2024,45,2025-01-03,Final,3.0,52.0,55.0,MT
Sunflower Seed (SAGIS),2024,46,2025-01-10,Final,25.0,140.0,165.0,MT
Sunflower Seed (SAGIS),2024,47,2025-01-17,Final,32.0,-11.0,21.0,MT
Sunflower Seed (SAGIS),2024,48,2025-01-24,Final,161.0,-60.0,101.0,MT
Sunflower Seed (SAGIS),2024,49,2025-01-31,Final,176.0,114.0,290.0,MT
Sunflower Seed (SAGIS),2024,50,2025-02-07,Final,154.0,65.0,219.0,MT
Sunflower Seed (SAGIS),2024,51,2025-02-14,Final,251.0,36.0,287.0,MT
Sunflower Seed (SAGIS),2024,52,2025-02-21,Final,424.0,0.0,424.0,MT
Sunflower Seed (SAGIS),2024,53,2025-02-28,Final,2031.0,352.0,2383.0,MT
Sunflower Seed (SAGIS),2025,1,2025-03-07,Final,2990.0,277.0,3267.0,MT
Sunflower Seed (SAGIS),2025,2,2025-03-14,Final,16128.0,2639.0,18767.0,MT
Sunflower Seed (SAGIS),2025,3,2025-03-21,Final,11411.0,1238.0,12649.0,MT
Sunflower Seed (SAGIS),2025,4,2025-03-28,Final,26976.0,4300.0,31276.0,MT
Sunflower Seed (SAGIS),2025,5,2025-04-04,Final,20196.0,-315.0,19881.0,MT
Sunflower Seed (SAGIS),2025,6,2025-04-11,Final,11442.0,810.0,12252.0,MT
Sunflower Seed (SAGIS),2025,7,2025-04-18,Final,43458.0,-364.0,43094.0,MT
Sunflower Seed (SAGIS),2025,8,2025-04-25,Final,19583.0,270.0,19853.0,MT
Sunflower Seed (SAGIS),2025,9,2025-05-02,Final,45095.0,728.0,45823.0,MT
Sunflower Seed (SAGIS),2025,10,2025-05-09,Final,69249.0,-17.0,69232.0,MT
Sunflower Seed (SAGIS),2025,11,2025-05-16,Final,70957.0,-191.0,70766.0,MT
Sunflower Seed (SAGIS),2025,12,2025-05-23,Final,60521.0,856.0,61377.0,MT
Sunflower Seed (SAGIS),2025,13,2025-05-30,Final,52166.0,874.0,53040.0,MT
Sunflower Seed (SAGIS),2025,14,2025-06-06,Final,39032.0,645.0,39677.0,MT
Sunflower Seed (SAGIS),2025,15,2025-06-13,Final,21773.0,6298.0,28071.0,MT
Sunflower Seed (SAGIS),2025,16,2025-06-20,Final,23625.0,5216.0,28841.0,MT
Sunflower Seed (SAGIS),2025,17,2025-06-27,Final,27703.0,1116.0,28819.0,MT
Sunflower Seed (SAGIS),2025,18,2025-07-04,Final,23104.0,972.0,24076.0,MT
Sunflower Seed (SAGIS),2025,19,2025-07-11,Final,18859.0,659.0,19518.0,MT
Sunflower Seed (SAGIS),2025,20,2025-07-18,Final,17877.0,-448.0,17429.0,MT
Sunflower Seed (SAGIS),2025,21,2025-07-25,Final,12248.0,-207.0,12041.0,MT
Sunflower Seed (SAGIS),2025,22,2025-08-01,Final,9897.0,-1370.0,8527.0,MT
Sunflower Seed (SAGIS),2025,23,2025-08-08,Final,5771.0,-213.0,5558.0,MT
Sunflower Seed (SAGIS),2025,24,2025-08-15,Final,4686.0,-790.0,3896.0,MT
Sunflower Seed (SAGIS),2025,25,2025-08-22,Final,3451.0,363.0,3814.0,MT
Sunflower Seed (SAGIS),2025,26,2025-08-29,Final,3045.0,732.0,3777.0,MT
Sunflower Seed (SAGIS),2025,27,2025-09-05,Final,3845.0,-853.0,2992.0,MT
Sunflower Seed (SAGIS),2025,28,2025-09-12,Final,3185.0,-1208.0,1977.0,MT
Sunflower Seed (SAGIS),2025,29,2025-09-19,Final,740.0,28.0,768.0,MT
Sunflower Seed (SAGIS),2025,30,2025-09-26,Final,882.0,34.0,916.0,MT
Sunflower Seed (SAGIS),2025,31,2025-10-03,Final,519.0,-167.0,352.0,MT
Sunflower Seed (SAGIS),2025,32,2025-10-10,Final,212.0,-20.0,192.0,MT
Sunflower Seed (SAGIS),2025,33,2025-10-17,Final,220.0,-70.0,150.0,MT
Sunflower Seed (SAGIS),2025,34,2025-10-24,Final,150.0,26.0,176.0,MT
Sunflower Seed (SAGIS),2025,35,2025-10-31,Final,132.0,4.0,136.0,MT
Sunflower Seed (SAGIS),2025,36,2025-11-07,Final,315.0,-27.0,288.0,MT
Sunflower Seed (SAGIS),2025,37,2025-11-14,Final,192.0,118.0,310.0,MT
Sunflower Seed (SAGIS),2025,38,2025-11-21,Final,125.0,17.0,142.0,MT
Sunflower Seed (SAGIS),2025,39,2025-11-28,Final,233.0,201.0,434.0,MT
Sunflower Seed (SAGIS),2025,40,2025-12-05,Final,93.0,-53.0,40.0,MT
Sunflower Seed (SAGIS),2025,41,2025-12-12,Final,0.0,0.0,0.0,MT
Sunflower Seed (SAGIS),2025,42,2025-12-19,Final,117.0,32.0,149.0,MT
Sunflower Seed (SAGIS),2025,43,2025-12-26,Final,5.0,13.0,18.0,MT
Sunflower Seed (SAGIS),2025,44,2026-01-02,Final,3.0,0.0,3.0,MT
Sunflower Seed (SAGIS),2025,45,2026-01-09,Final,7.0,30.0,37.0,MT
Sunflower Seed (SAGIS),2025,46,2026-01-16,Final,28.0,34.0,62.0,MT
Sunflower Seed (SAGIS),2025,47,2026-01-23,Final,804.0,-419.0,385.0,MT
Sunflower Seed (SAGIS),2025,48,2026-01-30,Final,940.0,-254.0,686.0,MT
Sunflower Seed (SAGIS),2025,49,2026-02-06,Final,1355.0,490.0,1845.0,MT
Sunflower Seed (SAGIS),2025,50,2026-02-13,Final,1263.0,123.0,1386.0,MT
Sunflower Seed (SAGIS),2025,51,2026-02-20,Final,4357.0,652.0,5009.0,MT
Sunflower Seed (SAGIS),2025,52,2026-02-27,Final,3854.0,1007.0,4861.0,MT
Sunflower Seed (SAGIS),2026,1,2026-03-06,Active,8059.0,742.0,8801.0,MT
Sunflower Seed (SAGIS),2026,2,2026-03-13,Active,22734.0,922.0,23656.0,MT
Sunflower Seed (SAGIS),2026,3,2026-03-20,Active,26484.0,3923.0,30407.0,MT
Sunflower Seed (SAGIS),2026,4,2026-03-27,Active,17047.0,2351.0,19398.0,MT
Sunflower Seed (SAGIS),2026,5,2026-04-03,Active,39182.0,2818.0,42000.0,MT
Sunflower Seed (SAGIS),2026,6,2026-04-10,Active,75766.0,3686.0,79452.0,MT
Sunflower Seed (SAGIS),2026,7,2026-04-17,Active,56615.0,651.0,57266.0,MT
Sunflower Seed (SAGIS),2026,8,2026-04-24,Active,33342.0,2446.0,35788.0,MT
Sunflower Seed (SAGIS),2026,9,2026-05-01,Active,55113.0,1637.0,56750.0,MT
Sunflower Seed (SAGIS),2026,10,2026-05-08,Active,44476.0,-252.0,44224.0,MT
Sunflower Seed (SAGIS),2026,11,2026-05-15,Active,99689.0,1383.0,101072.0,MT
Sunflower Seed (SAGIS),2026,12,2026-05-22,Active,83530.0,2259.0,85789.0,MT
Sunflower Seed (SAGIS),2026,13,2026-05-29,Active,59752.0,711.0,60463.0,MT
Sunflower Seed (SAGIS),2026,14,2026-06-05,Active,40427.0,304.0,40731.0,MT
Sunflower Seed (SAGIS),2026,15,2026-06-12,Active,36123.0,315.0,36438.0,MT
Sunflower Seed (SAGIS),2026,16,2026-06-19,Active,28792.0,-343.0,28449.0,MT
Sunflower Seed (SAGIS),2026,17,2026-06-26,Active,10316.0,1451.0,11767.0,MT
Sunflower Seed (SAGIS),2026,18,2026-07-03,Active,12812.0,-20.0,12792.0,MT
Sunflower Seed (SAGIS),2026,19,2026-07-10,Active,11333.0,363.0,11696.0,MT
Sunflower Seed (SAGIS),2026,20,2026-07-17,Active,8619.0,9.0,8628.0,MT
Sunflower Seed (SAGIS),2026,21,2026-07-24,Active,7083.0,391.0,7474.0,MT
Sunflower Seed (SAGIS),2026,22,2026-07-31,Active,5251.0,122.0,5373.0,MT
Sunflower Seed (SAGIS),2026,23,2026-08-07,Active,4703.0,389.0,5092.0,MT
Sunflower Seed (SAGIS),2026,24,2026-08-14,Active,2674.0,0.0,2674.0,MT
Sunflower Seed (SAGIS),2026,25,2026-08-21,Active,2921.0,0.0,2921.0,MT
Sunflower Seed (SAGIS),2026,26,2026-08-28,Active,2216.0,0.0,2216.0,MT
