commodity,season_year,month_number,month_end,report_month,opening_stock,deliveries,imports,processed_total,processed_human,processed_feed,processed_oil_oilcake,withdrawn_by_producers,released_to_end_consumers,seed_for_planting,exports_whole,exports_border_posts,exports_harbours,sundries_net_dispatches,sundries_surplus_deficit,unutilised_stock,stock_storers_traders,stock_processors,products_exported,products_exported_africa,products_exported_other,unit
Soybeans (SAGIS),2024,1,2024-03-31,2025-04-01,320637.0,207452.0,4.0,125945.0,1731.0,10970.0,113244.0,0.0,0.0,37.0,29205.0,1547.0,27658.0,-54.0,-4029.0,376989.0,337662.0,39327.0,9438.0,9438.0,0.0,MT
Soybeans (SAGIS),2024,2,2024-04-30,2025-04-01,376989.0,808769.0,133.0,190235.0,1711.0,10829.0,177695.0,133.0,146.0,1064.0,6942.0,6942.0,0.0,-214.0,5553.0,982032.0,924280.0,57752.0,11995.0,11995.0,0.0,MT
Soybeans (SAGIS),2024,3,2024-05-31,2025-04-01,982032.0,586313.0,11.0,180193.0,2176.0,10479.0,167538.0,364.0,83.0,1338.0,6992.0,6992.0,0.0,-205.0,-328.0,1379919.0,1311719.0,68200.0,13297.0,13297.0,0.0,MT
Soybeans (SAGIS),2024,4,2024-06-30,2025-04-01,1379919.0,76495.0,203.0,169693.0,2137.0,9626.0,157930.0,59.0,25.0,1430.0,10790.0,10790.0,0.0,303.0,-23.0,1274340.0,1211493.0,62847.0,14966.0,14966.0,0.0,MT
Soybeans (SAGIS),2024,5,2024-07-31,2025-04-01,1274340.0,25111.0,121.0,184897.0,1809.0,10474.0,172614.0,20.0,0.0,1861.0,7852.0,7852.0,0.0,-21.0,-127.0,1105090.0,1017292.0,87798.0,16355.0,16355.0,0.0,MT
Soybeans (SAGIS),2024,6,2024-08-31,2025-04-01,1105090.0,20561.0,0.0,178333.0,2031.0,9257.0,167045.0,0.0,1.0,865.0,12581.0,12581.0,0.0,-366.0,-2.0,934239.0,848351.0,85888.0,20531.0,20531.0,0.0,MT
Soybeans (SAGIS),2024,7,2024-09-30,2025-04-01,934239.0,22121.0,499.0,183790.0,1467.0,9631.0,172692.0,0.0,1.0,450.0,18168.0,18168.0,0.0,317.0,-10.0,754143.0,675693.0,78450.0,12422.0,12422.0,0.0,MT
Soybeans (SAGIS),2024,8,2024-10-31,2025-04-01,754143.0,18261.0,507.0,177759.0,2416.0,9873.0,165470.0,2.0,33.0,327.0,15023.0,15023.0,0.0,531.0,4.0,579232.0,505981.0,73251.0,15135.0,15135.0,0.0,MT
Soybeans (SAGIS),2024,9,2024-11-30,2025-04-01,579232.0,14772.0,32236.0,167130.0,2326.0,10477.0,154327.0,4.0,15.0,0.0,13560.0,13560.0,0.0,-185.0,-3824.0,449540.0,374598.0,74942.0,14632.0,14632.0,0.0,MT
Soybeans (SAGIS),2024,10,2024-12-31,2025-04-01,449540.0,8493.0,34.0,134285.0,1375.0,9743.0,123167.0,0.0,0.0,0.0,7139.0,7120.0,19.0,386.0,-603.0,316860.0,264170.0,52690.0,16315.0,16315.0,0.0,MT
Soybeans (SAGIS),2024,11,2025-01-31,2025-04-01,316860.0,14044.0,79152.0,149685.0,1781.0,10185.0,137719.0,0.0,0.0,79.0,15426.0,15426.0,0.0,1248.0,-3226.0,246844.0,188910.0,57934.0,16364.0,16364.0,0.0,MT
Soybeans (SAGIS),2024,12,2025-02-28,2025-04-01,246844.0,6156.0,41388.0,146137.0,1540.0,8457.0,136140.0,0.0,0.0,2.0,6567.0,6567.0,0.0,834.0,144.0,140704.0,101482.0,39222.0,23664.0,23664.0,0.0,MT
Soybeans (SAGIS),2025,1,2025-03-31,2026-04-01,140704.0,68528.0,137.0,121617.0,1834.0,7783.0,112000.0,0.0,0.0,38.0,2924.0,2924.0,0.0,141.0,-1737.0,86386.0,72100.0,14286.0,20693.0,20693.0,0.0,MT
Soybeans (SAGIS),2025,2,2025-04-30,2026-04-01,86386.0,384524.0,9965.0,156031.0,1598.0,9362.0,145071.0,0.0,0.0,928.0,10589.0,10589.0,0.0,-187.0,218.0,313296.0,283433.0,29863.0,18581.0,18581.0,0.0,MT
Soybeans (SAGIS),2025,3,2025-05-31,2026-04-01,313296.0,1774463.0,496.0,207374.0,1875.0,13362.0,192137.0,0.0,0.0,2214.0,12853.0,12853.0,0.0,165.0,102.0,1865547.0,1799108.0,66439.0,19197.0,19197.0,0.0,MT
Soybeans (SAGIS),2025,4,2025-06-30,2026-04-01,1865547.0,293568.0,0.0,216290.0,1857.0,10937.0,203496.0,12.0,0.0,2343.0,6600.0,6600.0,0.0,389.0,438.0,1933043.0,1863115.0,69928.0,21453.0,21453.0,0.0,MT
Soybeans (SAGIS),2025,5,2025-07-31,2026-04-01,1933043.0,70137.0,102.0,218442.0,1905.0,12831.0,203706.0,16.0,78.0,1627.0,22329.0,22329.0,0.0,-81.0,1092.0,1759779.0,1662136.0,97643.0,19271.0,19271.0,0.0,MT
Soybeans (SAGIS),2025,6,2025-08-31,2026-04-01,1759779.0,35447.0,102.0,208768.0,1734.0,11567.0,195467.0,76.0,17.0,982.0,26177.0,26177.0,0.0,-47.0,414.0,1558941.0,1444621.0,114320.0,15384.0,15384.0,0.0,MT
Soybeans (SAGIS),2025,7,2025-09-30,2026-04-01,1558941.0,33484.0,515.0,219163.0,1399.0,12883.0,204881.0,0.0,1.0,453.0,30528.0,30428.0,100.0,-167.0,177.0,1342785.0,1209995.0,132790.0,12932.0,12932.0,0.0,MT
Soybeans (SAGIS),2025,8,2025-10-31,2026-04-01,1342785.0,17663.0,25.0,212722.0,2122.0,10830.0,199770.0,18.0,3.0,527.0,11528.0,11528.0,0.0,224.0,36.0,1135415.0,994163.0,141252.0,16264.0,16264.0,0.0,MT
Soybeans (SAGIS),2025,9,2025-11-30,2026-04-01,1135415.0,19117.0,68.0,206542.0,2170.0,10137.0,194235.0,13.0,6.0,7.0,28655.0,28553.0,102.0,-101.0,395.0,919083.0,797509.0,121574.0,13041.0,13041.0,0.0,MT
Soybeans (SAGIS),2025,10,2025-12-31,2026-04-01,919083.0,12952.0,295.0,195385.0,1275.0,10042.0,184068.0,2.0,6.0,0.0,30150.0,30150.0,0.0,427.0,-400.0,706760.0,600393.0,106367.0,20936.0,14581.0,6355.0,MT
Soybeans (SAGIS),2025,11,2026-01-31,2026-04-01,706760.0,22002.0,544.0,196122.0,1487.0,10525.0,184110.0,0.0,1.0,0.0,35324.0,35324.0,0.0,103.0,-378.0,498134.0,396669.0,101465.0,14020.0,14020.0,0.0,MT
Soybeans (SAGIS),2025,12,2026-02-28,2026-04-01,498134.0,17437.0,0.0,200698.0,1508.0,8238.0,190952.0,30.0,45.0,0.0,29296.0,29296.0,0.0,162.0,-780.0,286120.0,212118.0,74002.0,11963.0,11753.0,210.0,MT
Soybeans (SAGIS),2026,1,2026-03-31,2026-07-01,286120.0,72397.0,0.0,181912.0,1920.0,8951.0,171041.0,0.0,3.0,0.0,28344.0,28344.0,0.0,-233.0,-3397.0,151888.0,95982.0,55906.0,23129.0,11307.0,11822.0,MT
Soybeans (SAGIS),2026,2,2026-04-30,2026-07-01,151888.0,493033.0,0.0,199347.0,1785.0,8646.0,188916.0,0.0,1.0,140.0,22562.0,19051.0,3511.0,-41.0,-1071.0,423983.0,367143.0,56840.0,10871.0,10871.0,0.0,MT
Soybeans (SAGIS),2026,3,2026-05-31,2026-07-01,423983.0,1755124.0,183.0,242331.0,1590.0,9446.0,231295.0,0.0,1.0,1491.0,20404.0,13787.0,6617.0,-65.0,-240.0,1915368.0,1827992.0,87376.0,38409.0,13312.0,25097.0,MT
Soybeans (SAGIS),2026,4,2026-06-30,2026-07-01,1915368.0,381421.0,575.0,215688.0,1598.0,9987.0,204103.0,42.0,98.0,1651.0,22959.0,19405.0,3554.0,201.0,-2071.0,2058796.0,1950385.0,108411.0,14192.0,13249.0,943.0,MT
