date,ec1_tp,ec1_tx,ec1_vsw1,ec1_wet,era5t_tp,era5t_tx,era5t_wet,land_swvl1,chirps_sat_tp,chirps_sat_wet,chirps_rnl_tp,chirps_rnl_wet,chirps_prelim_tp,chirps_prelim_wet,chirps_tp,cpc_tp,cpc_tx
2026-05-25,,,,,,,,,,,,,,,,0.1325,31.3798
2026-05-26,,,,,,,,,,,,,,,,0.0055,32.4713
2026-05-27,,,,,,,,,,,,,,,,0.003,30.8119
2026-05-28,,,,,,,,,,,,,,,,0.2001,33.2805
2026-05-29,,,,,,,,,,,,,,,,0.0021,32.3935
2026-05-30,,,,,,,,,,,,,,,,0.002,32.6771
2026-05-31,,,,,,,,,,,,,,,,0.2044,32.2039
2026-06-01,0.1078,30.9143,0.2515,0.0242,0.0284,30.5199,0.0,0.2392,0.0318,0.0018,0.0841,0.0084,,,0.0318,0.0,33.0486
2026-06-02,0.0343,30.8375,0.2504,0.0,0.0009,30.6426,0.0,0.2376,0.1236,0.0363,0.0724,0.0082,,,0.1236,0.0045,33.1523
2026-06-03,0.0537,30.4466,0.2474,0.0006,0.0003,30.3386,0.0,0.2359,0.1519,0.0475,0.0711,0.0081,,,0.1519,0.0003,32.2458
2026-06-04,0.0617,30.7566,0.2459,0.0025,0.006,30.7052,0.0,0.2342,0.0383,0.0038,0.0782,0.0082,,,0.0383,0.0024,32.6017
2026-06-05,0.0264,30.4111,0.2417,0.0007,0.0,30.4187,0.0,0.2329,0.0301,0.0011,0.0699,0.0082,,,0.0301,0.0021,32.6581
2026-06-06,0.0035,29.8443,0.2362,0.0,0.0001,29.5985,0.0,0.2317,0.0144,0.0001,0.0136,0.0,,,0.0144,0.0007,31.4212
2026-06-07,0.0093,30.2886,0.233,0.0,0.0012,29.9596,0.0,0.2306,0.0144,0.0001,0.0148,0.0,,,0.0144,0.0049,32.0399
2026-06-08,0.0307,30.9519,0.2307,0.0,0.0066,30.6854,0.0,0.2297,0.0144,0.0001,0.0174,0.0001,,,0.0144,0.0007,33.1137
2026-06-09,0.0096,31.4881,0.2261,0.0009,0.0102,31.2863,0.0021,0.229,0.0778,0.0205,0.0148,0.0002,,,0.0778,0.0011,32.9711
2026-06-10,0.8855,30.0916,0.224,0.1777,0.3132,29.8759,0.0653,0.2284,0.3772,0.1017,0.4378,0.1377,,,0.3772,0.3494,30.6948
2026-06-11,2.4641,30.0729,0.2264,0.5563,0.8815,28.8459,0.2779,0.2307,2.3133,0.481,1.8168,0.4656,,,2.3133,0.6356,31.5852
2026-06-12,1.5805,30.6867,0.2369,0.4478,0.8601,30.7201,0.2294,0.2379,1.183,0.305,1.6685,0.4199,,,1.183,0.8081,33.0292
2026-06-13,1.6366,31.4667,0.2352,0.4767,0.3699,31.8114,0.0826,0.2445,0.5199,0.1285,0.8261,0.2471,,,0.5199,0.7629,33.7796
2026-06-14,0.7311,32.1888,0.2272,0.1867,0.2566,32.4794,0.0624,0.245,0.7954,0.1682,0.431,0.1057,,,0.7954,0.221,34.8324
2026-06-15,0.597,30.9881,0.2244,0.1898,0.1643,31.1534,0.0089,0.2445,0.4275,0.1135,0.4967,0.1489,,,0.4275,0.5835,28.0124
2026-06-16,0.4456,30.0764,0.2362,0.1104,0.1266,30.482,0.0017,0.2431,0.112,0.0333,0.2031,0.0516,,,0.112,0.4195,30.1501
2026-06-17,0.5252,30.6698,0.2435,0.1331,0.1523,30.8981,0.0015,0.2416,0.257,0.0782,0.3118,0.1007,,,0.257,0.2106,29.8626
2026-06-18,0.5133,30.9682,0.2531,0.1379,0.0448,31.3856,0.0006,0.2402,0.3174,0.084,0.079,0.0205,,,0.3174,1.3519,34.3553
2026-06-19,1.6563,31.1037,0.2509,0.2725,1.138,31.4266,0.2058,0.2379,2.0042,0.2743,1.3317,0.2085,,,2.0042,0.2826,32.6997
2026-06-20,2.3785,28.8821,0.2376,0.4734,1.8357,29.0384,0.4215,0.2472,1.1196,0.273,1.8848,0.3869,,,1.1196,2.3464,25.1961
2026-06-21,0.3661,30.4411,0.2668,0.0439,0.0798,30.2712,0.0,0.2627,0.0797,0.0309,0.3133,0.0813,,,0.0797,0.1542,32.04
2026-06-22,0.8326,30.9116,0.2638,0.3103,0.3923,30.922,0.1153,0.2578,1.0501,0.1981,0.4265,0.1478,,,1.0501,0.0182,32.0876
2026-06-23,1.3201,29.564,0.2526,0.3959,0.8481,29.4514,0.2232,0.257,0.7341,0.1673,0.8601,0.2253,,,0.7341,1.1874,23.8484
2026-06-24,2.9182,26.7164,0.2718,0.2781,1.8678,26.6256,0.3303,0.2623,1.0162,0.1586,1.7642,0.2589,,,1.0162,0.673,20.0558
2026-06-25,0.6418,28.286,0.3103,0.174,0.9803,28.5995,0.2161,0.2752,1.189,0.224,0.7051,0.1529,,,1.189,1.7769,22.9143
2026-06-26,0.0311,29.6849,0.3034,0.0043,0.0375,30.0497,0.0035,0.2736,0.0483,0.0082,0.0787,0.0182,,,0.0483,0.1705,26.9912
2026-06-27,0.0082,30.7747,0.2851,0.0,0.0013,30.7142,0.0,0.2659,0.0326,0.0063,0.0153,0.0062,,,0.0326,0.0082,32.2103
2026-06-28,0.0382,30.9932,0.2742,0.0007,0.0029,31.1379,0.0,0.2596,0.02,0.0,0.0028,0.0,,,0.02,0.012,33.0811
2026-06-29,0.1041,31.3448,0.2641,0.0123,0.0106,31.4036,0.0,0.2547,0.0218,0.0001,0.0433,0.0016,,,0.0218,0.0055,33.4186
2026-06-30,0.0011,31.7068,0.2582,0.0,0.0001,31.434,0.0,0.2505,0.02,0.0,0.0026,0.0,,,0.02,0.0114,33.5142
2026-07-01,0.0007,31.7502,0.2511,0.0,0.0,31.4756,0.0,0.2465,0.0401,0.0,0.0217,0.0,,,0.0401,0.0005,32.9648
2026-07-02,0.008,31.4367,0.2486,0.0014,0.0018,31.0756,0.0,0.2431,0.0407,0.0,0.0257,0.0,,,0.0407,0.0008,32.5924
2026-07-03,0.0177,28.9716,0.241,0.0,0.005,28.83,0.0,0.2402,0.0401,0.0,0.0875,0.0003,,,0.0401,0.0144,22.8794
2026-07-04,0.0063,29.4822,0.2438,0.0,0.0019,29.1255,0.0,0.2382,0.0401,0.0,0.042,0.0005,,,0.0401,0.0163,26.5491
2026-07-05,0.0,30.8422,0.2402,0.0,0.0,30.5895,0.0,0.2364,0.0401,0.0,0.0245,0.0,,,0.0401,0.0188,28.0841
2026-07-06,0.0025,31.3353,0.2345,0.0,0.0006,31.0422,0.0,0.2347,0.0039,0.0,0.1531,0.0416,,,0.0039,0.0131,30.5673
2026-07-07,0.0025,30.1407,0.2305,0.0,0.0001,29.9338,0.0,0.2331,0.0039,0.0,0.1563,0.0422,,,0.0039,0.0377,23.5002
2026-07-08,0.0017,31.2736,0.2305,0.0,0.0,30.8811,0.0,0.2319,0.0761,0.0205,0.1279,0.0333,,,0.0761,0.1875,29.0102
2026-07-09,0.0062,32.2237,0.2262,0.0,0.0002,32.0136,0.0,0.2308,0.5443,0.1417,0.1318,0.0344,,,0.5443,0.0082,33.6179
2026-07-10,0.2417,32.102,0.2232,0.0828,0.0554,31.6187,0.0066,0.2296,0.1394,0.0496,0.1984,0.0466,,,0.1394,0.0446,33.4439
2026-07-11,0.9565,31.7083,0.2224,0.3022,0.686,31.5132,0.2134,0.2291,1.1691,0.3707,1.4801,0.3806,,,1.1691,0.1926,33.3079
2026-07-12,2.4078,29.3722,0.23,0.4767,1.2674,29.8946,0.2393,0.2345,4.9496,0.7162,3.7763,0.6071,,,4.9496,1.0867,29.6612
2026-07-13,0.4575,29.6963,0.2375,0.0882,0.2087,29.3762,0.0297,0.2453,1.3572,0.3783,2.1534,0.4757,,,1.3572,2.0061,28.5351
2026-07-14,0.1446,30.8558,0.2545,0.0067,0.0192,31.0084,0.0,0.244,0.0414,0.013,0.1169,0.0225,,,0.0414,0.0781,32.2647
2026-07-15,0.3374,32.155,0.2479,0.0877,0.0264,32.0882,0.0007,0.241,0.0567,0.0094,0.0474,0.0009,,,0.0567,0.0025,33.2991
2026-07-16,0.8423,31.1758,0.2455,0.2723,0.3615,31.215,0.088,0.2384,0.198,0.0594,0.2,0.0548,,,0.198,0.0923,33.8951
2026-07-17,0.2466,31.1209,0.238,0.0659,0.0417,31.2441,0.0048,0.2393,0.0277,0.0025,0.0457,0.0121,,,0.0277,0.2651,33.1834
2026-07-18,0.0795,31.2709,0.2357,0.0241,0.0193,31.0779,0.0043,0.2371,0.0198,0.0044,0.0082,0.0011,,,0.0198,0.0427,33.5467
2026-07-19,0.0672,31.7102,0.2315,0.0118,0.0047,31.428,0.0,0.2349,0.0084,0.0002,0.0019,0.0,,,0.0084,0.0524,33.5375
2026-07-20,0.0554,32.05,0.2327,0.0043,0.0065,31.9281,0.0,0.233,0.0078,0.0,0.0059,0.0001,,,0.0078,0.0279,33.6212
2026-07-21,0.0038,32.4628,0.2273,0.0,0.0008,32.3005,0.0,0.2313,0.0595,0.0081,0.0501,0.0,,,0.0595,0.0004,34.3587
2026-07-22,0.0013,32.7787,0.2264,0.0,0.0,32.4974,0.0,0.2299,0.0593,0.0085,0.0461,0.0,,,0.0593,0.008,33.8957
2026-07-23,0.0324,32.9448,0.2253,0.0062,0.0008,32.6966,0.0,0.2286,0.0366,0.0001,0.0495,0.0001,,,0.0366,0.0046,32.3164
2026-07-24,0.0462,33.5,0.225,0.0108,0.0019,33.1446,0.0,0.2277,0.0463,0.0019,0.0672,0.0005,,,0.0463,0.0128,34.2356
2026-07-25,0.1641,33.4769,0.2249,0.0181,0.0074,33.217,0.0,0.2269,0.0908,0.0024,0.0796,0.0016,,,0.0908,0.0016,35.6389
2026-07-26,0.0775,33.6295,0.2238,0.0069,0.0116,33.4632,0.0,0.2262,0.1353,0.0359,0.1338,0.0272,,,0.1353,0.0742,36.0096
2026-07-27,0.042,34.0042,0.2229,0.0011,0.0083,33.7148,0.0,0.2257,0.0425,0.0042,0.0492,0.0008,,,0.0425,0.0841,36.3929
2026-07-28,0.2182,33.9792,0.2222,0.0561,0.0776,33.7036,0.0271,0.2252,0.2598,0.0767,0.2489,0.0579,,,0.2598,0.1152,35.8201
2026-07-29,0.253,33.6327,0.22,0.0526,0.0855,33.1583,0.0101,0.2254,0.3801,0.0942,0.4233,0.0889,,,0.3801,0.6346,35.2911
2026-07-30,0.2743,34.0457,0.2215,0.058,0.0508,33.514,0.0,0.2256,0.1914,0.0541,0.1507,0.0313,,,0.1914,0.2676,35.129
2026-07-31,0.021,34.3896,0.2227,0.003,0.0056,33.968,0.0,0.2254,0.0429,0.0083,0.0461,0.0001,,,0.0429,0.4432,35.6761
2026-08-01,0.104,33.3089,0.2215,0.0161,0.0306,33.1073,0.0065,0.2249,0.1069,0.0229,0.0947,0.0111,,,0.1069,0.0121,35.3013
2026-08-02,0.7209,33.0461,0.2182,0.1372,0.418,32.8396,0.1248,0.2247,0.583,0.1239,0.6408,0.1343,,,0.583,0.654,34.0742
2026-08-03,0.7042,32.2571,0.2174,0.1127,0.3923,32.1866,0.0751,0.2286,0.7369,0.1403,0.6906,0.0978,,,0.7369,0.8198,32.6449
2026-08-04,0.0166,33.1033,0.224,0.0016,0.0028,32.7157,0.0,0.2316,0.1023,0.0146,0.0806,0.0114,,,0.1023,0.0412,34.5175
2026-08-05,0.0061,33.4482,0.222,0.0,0.0001,33.1381,0.0,0.2299,0.0356,0.0038,0.058,0.0063,,,0.0356,0.0145,34.9841
2026-08-06,0.0008,33.8202,0.2236,0.0,0.0,33.6719,0.0,0.2286,0.058,0.0,0.0649,0.0,,,0.058,0.0001,35.4073
2026-08-07,0.0639,33.7405,0.2203,0.003,0.0012,33.8109,0.0,0.2274,0.059,0.0,0.0677,0.0,,,0.059,0.0183,35.9012
2026-08-08,0.04,34.6209,0.2141,0.0004,0.0018,34.4837,0.0,0.2264,0.0615,0.0004,0.0768,0.0,,,0.0615,0.0317,36.5446
2026-08-09,0.0381,35.42,0.2091,0.003,0.0035,35.2339,0.0001,0.2257,0.0791,0.0048,0.0762,0.0004,,,0.0791,0.034,37.7049
2026-08-10,0.0933,36.0854,0.209,0.0183,0.0311,36.2043,0.0127,0.225,0.1187,0.0042,0.0909,0.0042,,,0.1187,0.0269,37.4931
2026-08-11,0.1361,34.752,0.2103,0.0174,0.0028,34.429,0.0,0.2248,0.1093,0.015,0.0855,0.0089,,,0.1093,0.1244,29.7572
2026-08-12,0.0104,33.8897,0.2091,0.0003,0.0186,33.4988,0.0,0.2243,0.1543,0.0199,0.1324,0.0181,,,0.1543,0.2264,35.0532
2026-08-13,0.0807,34.0152,0.2083,0.0221,0.016,33.7314,0.0024,0.224,0.0449,0.0002,0.0811,0.0124,,,0.0449,0.093,35.4945
2026-08-14,0.0082,34.6816,0.2075,0.0001,0.0033,34.4288,0.0,0.2237,0.0386,0.0,0.0431,0.0,,,0.0386,0.0241,36.3491
2026-08-15,0.0,35.4653,0.2081,0.0,0.0,35.2125,0.0,0.2234,0.038,0.0,0.043,0.0,,,0.038,0.0355,36.5764
2026-08-16,0.0,35.8195,0.2072,0.0,0.0,35.7937,0.0,0.223,0.0422,0.0,0.0491,0.0002,,,0.0422,0.0464,37.3678
2026-08-17,0.0,35.2396,0.2035,0.0,0.0,35.1179,0.0,0.2228,0.0422,0.0,0.0491,0.0002,,,0.0422,0.0166,37.3246
2026-08-18,0.0004,34.77,0.2002,0.0,0.0,34.5426,0.0,0.2225,0.0422,0.0,0.0501,0.0004,,,0.0422,0.004,36.3867
2026-08-19,0.0032,34.9337,0.1997,0.0,0.0001,34.7097,0.0,0.2224,0.0452,0.0007,0.0495,0.0003,,,0.0452,0.0161,35.4186
2026-08-20,0.002,33.706,0.2007,0.0,0.0002,33.6514,0.0,0.2222,0.0759,0.0064,0.05,0.0002,,,0.0759,0.003,29.814
2026-08-21,0.0,33.4978,0.2014,0.0,0.0,33.5319,0.0,0.2221,0.0871,0.0034,0.0878,0.0,,,0.0871,0.0113,31.1316
2026-08-22,0.0014,34.4213,0.1993,0.0,0.0,34.3226,0.0,0.222,0.0626,0.0,0.0875,0.0,,,0.0626,0.1128,33.9036
2026-08-23,0.06,35.357,0.1961,0.0219,0.0015,35.0322,0.0,0.2219,0.0833,0.0017,0.0933,0.0,,,0.0833,0.012,35.7229
2026-08-24,0.255,35.2739,0.1949,0.0675,0.0503,35.0801,0.0149,0.2218,0.2876,0.0541,0.223,0.0458,,,0.2876,0.0051,36.0664
2026-08-25,0.0296,36.3497,0.1958,0.0016,0.0054,36.3543,0.0,0.2221,0.1121,0.0041,0.141,0.0115,,,0.1121,0.1382,37.6797
2026-08-26,0.3762,35.5208,0.1947,0.0989,0.0116,36.0106,0.0,0.222,0.126,0.0322,0.1612,0.0341,,,0.126,0.0695,35.9486
2026-08-27,0.1258,35.3853,0.1989,0.0065,0.0147,35.2751,0.0,0.2219,0.0472,0.0017,0.1149,0.01,,,0.0472,0.0102,37.7368
2026-08-28,0.2479,35.5341,0.1942,0.0537,0.0348,35.2675,0.0005,0.2219,0.1599,0.0347,0.1392,0.0095,,,0.1599,0.0878,37.3565
2026-08-29,0.1425,35.9996,0.1929,0.0064,0.0057,35.936,0.0,0.2221,0.0918,0.0111,0.0772,0.0023,,,0.0918,0.0694,37.9016
2026-08-30,0.1043,36.8571,0.1934,0.0067,0.0049,36.5148,0.0,0.222,0.1575,0.0256,0.0794,0.0035,,,0.1575,0.0306,38.7783
2026-08-31,0.1321,36.7831,0.1932,0.0064,0.0117,36.7298,0.0,0.2219,0.0879,0.0067,0.0983,0.0033,,,0.0879,0.1421,39.3068
2026-09-01,1.8159,35.2717,0.1909,0.5152,0.5036,35.4621,0.1612,0.2218,,,,,3.1241,0.4266,3.1241,0.0477,34.6722
2026-09-02,1.6613,33.233,0.2122,0.4808,0.4969,33.5696,0.1454,0.2267,,,,,3.2388,0.501,3.2388,2.9909,33.5361
2026-09-03,0.3587,35.4371,0.2156,0.0952,0.0948,35.5831,0.0115,0.2291,,,,,1.4521,0.3006,1.4521,0.3293,36.7598
2026-09-04,2.9441,35.1742,0.2117,0.61,2.5267,35.275,0.5405,0.228,,,,,6.2766,0.6951,6.2766,1.0256,36.1765
2026-09-05,2.2082,33.5584,0.2353,0.5893,1.7755,32.9468,0.394,0.2519,,,,,5.8639,0.7008,5.8639,6.4923,31.2269
2026-09-06,4.3854,31.4551,0.2561,0.8129,3.7257,31.2158,0.687,0.2636,,,,,4.5844,0.7023,4.5844,2.0751,26.8853
2026-09-07,1.109,30.717,0.301,0.2891,1.9194,30.2146,0.2893,0.294,,,,,2.5728,0.3691,2.5728,3.3652,29.2461
2026-09-08,3.4713,32.841,0.2905,0.6261,3.8632,32.0181,0.4639,0.297,,,,,3.5008,0.5166,3.5008,3.3383,33.2431
2026-09-09,2.4097,32.8219,0.2798,0.6427,2.4286,32.2103,0.5876,0.3089,,,,,3.9236,0.6165,3.9236,3.4685,34.6441
2026-09-10,0.6137,34.1096,0.2818,0.1785,0.2486,34.3313,0.0526,0.3154,,,,,0.5511,0.1648,0.5511,0.9076,35.5455
2026-09-11,0.2131,35.2596,0.2503,0.0795,0.0421,35.2154,0.0134,0.2984,,,,,0.3156,0.0738,0.3156,0.4141,36.6672
2026-09-12,0.9859,35.3015,0.2374,0.1192,0.7572,35.6008,0.0793,0.2826,,,,,1.1514,0.1212,1.1514,0.4352,36.3803
2026-09-13,0.4206,33.7808,0.2372,0.086,0.11,33.8946,0.0222,0.277,,,,,0.6782,0.176,0.6782,0.7661,27.1873
2026-09-14,0.0663,31.5541,0.2516,0.001,0.0136,32.5216,0.0,0.2674,,,,,0.2247,0.0661,0.2247,1.4436,29.5188
2026-09-15,0.3241,33.6072,0.2343,0.0885,0.0546,33.536,0.0,0.2592,,,,,0.388,0.0934,0.388,0.0,33.1057
2026-09-16,0.6523,34.7916,0.2201,0.1836,0.0471,34.6557,0.0016,0.2527,,,,,0.1715,0.0529,0.1715,0.5029,34.1607
2026-09-17,1.3092,35.756,0.2203,0.3967,0.2354,35.8373,0.0562,0.247,,,,,0.4999,0.135,0.4999,0.2564,37.0288
2026-09-18,1.1303,36.0662,0.2217,0.193,0.1667,36.0849,0.0555,0.2441,,,,,0.4199,0.1306,0.4199,0.0,36.8883
2026-09-19,0.4663,35.8325,0.2319,0.1063,0.1763,35.973,0.0448,0.2412,,,,,0.3481,0.0968,0.3481,0.0,36.4783
2026-09-20,0.1811,35.724,0.2401,0.0662,0.0781,36.0655,0.0346,0.239,,,,,0.1035,0.0315,0.1035,0.0079,37.1453
2026-09-21,0.8474,35.069,0.2295,0.2656,0.4954,34.8797,0.152,0.2364,,,,,1.4862,0.3103,1.4862,0.0,35.4928
2026-09-22,7.6789,33.5529,0.2404,0.719,4.3607,34.5447,0.4725,0.2388,,,,,3.835,0.5152,3.835,0.4092,36.1712
2026-09-23,1.3235,32.3787,0.2631,0.4374,2.7124,32.2298,0.5472,0.2838,,,,,2.266,0.442,2.266,9.1772,30.4485
2026-09-24,0.9028,34.4234,0.2598,0.3105,0.4494,35.0053,0.1434,0.2878,,,,,1.0243,0.2464,1.0243,0.0,35.0372
2026-09-25,0.7517,35.5297,0.2381,0.214,0.6484,35.2716,0.2127,0.2775,,,,,0.7076,0.2235,0.7076,0.016,36.3133
2026-09-26,0.5746,34.8695,0.2226,0.1536,0.348,34.6524,0.0959,0.2718,,,,,1.5278,0.2999,1.5278,4.3043,36.7696
2026-09-27,0.3272,36.5068,0.2196,0.0741,0.1175,36.2746,0.0145,0.264,,,,,1.0268,0.2553,1.0268,1.4441,38.0541
2026-09-28,0.2889,37.5062,0.2143,0.0601,0.0325,37.5518,0.0016,0.256,,,,,1.501,0.309,1.501,0.0745,39.0347
2026-09-29,2.1893,35.2933,0.213,0.4502,1.5069,35.575,0.3898,0.2484,,,,,8.7218,0.778,8.7218,6.0437,30.4391
2026-09-30,1.0319,35.3838,0.2232,0.3447,0.2313,35.7867,0.0674,0.2569,,,,,2.0582,0.5198,2.0582,2.0056,35.886
2026-10-01,3.7643,35.4109,0.2115,0.5976,,,,0.2514,,,,,,,,1.3363,35.1874
2026-10-02,12.4067,28.4572,0.2361,0.9562,,,,,,,,,,,,12.8177,29.7235
2026-10-03,2.3909,31.8336,0.3354,0.6352,,,,,,,,,,,,0.9947,33.5659
2026-10-04,6.5646,33.054,0.3037,0.9455,,,,,,,,,,,,2.2233,35.6191
2026-10-05,10.8139,30.1725,0.2831,0.9836,,,,,,,,,,,,,33.9142
2026-10-06,5.1679,32.5045,0.3317,0.6722,,,,,,,,,,,,,
